Rank,Name,Platform,Year,Genre,Publisher,Developer,Critic_Score,User_Score,NA_Sales,PAL_Sales,JP_Sales,Other_Sales,Global_Sales
30001,Dino D-Day,PC,2011,Shooter,Unknown  ,800 North and Digital Ranch  ,5.5,,,,,,
30002,Dino Dini's Soccer,GEN,1994,Sports,Virgin Interactive  ,Dini and Dini Productions  ,,,,,,,
30003,Dino Dini's Soccer,SNES,1995,Sports,Virgin Interactive  ,Eurocom Entertainment Software  ,,,,,,,
30004,Dino Hunter: Deadly Shores,And,2014,Action,Glu Mobile Inc.  ,Glu Mobile Inc.  ,,,,,,,
30005,Dino King Battle: Taiko Kara no Hyouryuusha,DS,2006,Misc,Taito  ,Taito Corporation  ,,,,,,,
30006,Dino Land,GEN,1991,Misc,Renovation  ,Wolf Team  ,,,,,,,
30007,Dino Strike,Wii,2011,Shooter,Zoo Games  ,Zoo Games  ,,,,,,,
30008,Dino Wars,PC,N/A,Action,Unknown  ,DigiTek Software  ,,,,,,,
30009,DinoCity,SNES,1992,Platform,Irem Software Engineering  ,Smart Egg Pictures  ,,,,,,,
30010,Dinolympics,Lynx,1992,Puzzle,Atari  ,"Imagitec Design, Inc.  ",,,,,,,
30011,DinoPark Tycoon,3DO,1994,Strategy,MECC  ,Manley and Associates Inc.  ,,,,,,,
30012,DinoPark Tycoon,PC,1993,Strategy,MECC  ,Manley and Associates Inc.  ,,,,,,,
30013,Dinosaurs for Hire,GEN,1993,Shooter,Sega  ,Malibu Games  ,,,,,,,
30014,Direct Hit: Missile War,PC,2011,Strategy,Polynetix Studio  ,Polynetix Studio  ,,,,,,,
30015,DiRT,XBL,2009,Racing,Codemasters  ,Codemasters  ,,,,,,,
30016,DiRT 2,PSN,2009,Racing,Codemasters  ,Codemasters  ,,,,,,,
30017,DiRT 3: Complete Edition,PS3,N/A,Misc,Unknown  ,Unknown  ,,,,,,,
30018,DiRT 3: Complete Edition,X360,N/A,Misc,Unknown  ,Unknown  ,,,,,,,
30019,DiRT 3: Monte Carlo,PC,2011,Racing,Codemasters  ,Codemasters  ,,,,,,,
30020,DiRT 3: Monte Carlo,PSN,2011,Racing,Codemasters  ,Codemasters  ,,,,,,,
30021,DiRT 3: Monte Carlo,XBL,2011,Racing,Codemasters  ,Codemasters  ,,,,,,,
30022,DiRT 3: Power and Glory Car Pack,PC,2011,Racing,Codemasters  ,Codemasters  ,,,,,,,
30023,DiRT 3: Power and Glory Car Pack,PSN,2011,Racing,Codemasters  ,Codemasters  ,,,,,,,
30024,DiRT 3: Power and Glory Car Pack,XBL,2011,Racing,Codemasters  ,Codemasters  ,,,,,,,
30025,DiRT 3: X Games Asia Track Pack,PC,N/A,Misc,Unknown  ,Unknown  ,,,,,,,
30026,DiRT 3: X Games Asia Track Pack,PS3,N/A,Misc,Unknown  ,Unknown  ,,,,,,,
30027,DiRT 3: X Games Asia Track Pack,X360,N/A,Misc,Unknown  ,Unknown  ,,,,,,,
30028,DiRT Jockey: Heavy Equipment Operator,PS,2003,Simulation,Mastiff  ,"DDL, Inc.  ",,,,,,,
30029,DiRT Jockey: Heavy Equipment Operator,PSN,2010,Simulation,Sony Computer Entertainment  ,"DDL, Inc.  ",,,,,,,
30030,DiRT Showdown,PC,2012,Racing,Codemasters  ,Codemasters  ,,,,,,,
30031,Dirt Track Devils,PS2,2003,Racing,Midas Interactive Entertainment  ,Vingt-et-un Systems  ,,,,,,,
30032,Dirt Trax FX,SNES,1995,Racing,Acclaim Entertainment  ,Sculptured Software  ,7.0,,,,,,
30033,Dirty Harry,NES,1990,Action,Mindscape  ,Gray Matter  ,,,,,,,
30034,Dirty Larry: Renegade Cop,Lynx,1992,Action,Atari  ,Atari  ,,,,,,,
30035,Dirty Racing,GB,1993,Racing,Jaleco  ,Gremlin Interactive  ,,,,,,,
30036,Disc Derby,PS,2000,Sports,Dazz  ,Nexus Interactive  ,,,,,,,
30037,Disciples II DS,DS,N/A,Strategy,Unknown  ,Strategy First  ,,,,,,,
30038,Disciples II: Dark Prophecy,PC,N/A,Strategy,Unknown  ,Strategy First  ,,,,,,,
30039,Disciples II: Gallean's Return,PC,2005,Strategy,Strategy First  ,Strategy First  ,,,,,,,
30040,Disciples II: Gold Edition,PC,2005,Strategy,Strategy First  ,Strategy First  ,,,,,,,
30041,Disciples II: Guardians of the Light,PC,2003,Strategy,Strategy First  ,Strategy First  ,,,,,,,
30042,Disciples II: Rise of the Elves,PC,2003,Strategy,Strategy First  ,Strategy First  ,,,,,,,
30043,Disciples II: Servants of the Dark,PC,2003,Strategy,Strategy First  ,Strategy First  ,,,,,,,
30044,Disciples III Gold,PC,2010,Strategy,Strategy First  ,Akella  ,,,,,,,
30045,Disciples: Sacred Lands,PC,1999,Strategy,Strategy First  ,Strategy First  ,,,,,,,
30046,Disciples: Sacred Lands - Gold Edition,PC,2001,Strategy,Strategy First  ,Strategy First  ,,,,,,,
30047,Discipline,WW,2009,Adventure,Marvelous Interactive  ,Marvelous Interactive  ,,,,,,,
30048,Discolight,DSiW,2010,Misc,Kaasa Solution  ,Kaasa Solution  ,,,,,,,
30049,Discover our Earth,DS,N/A,Misc,Unknown  ,JoWooD Entertainment  ,,,,,,,
30050,Discovery! A Seek & Find Adventure,PC,2008,Misc,Mumbo Jumbo  ,MumboJumbo  ,,,,,,,
30051,Discs of Tron,XBL,2008,Action,Disney Interactive Studios  ,Backbone Charlottetown  ,,,,,,,
30052,Discworld,SAT,1996,Adventure,Psygnosis  ,Perfect Entertainment  ,,,,,,,
30053,Discworld II: Missing Presumed...?!,SAT,1997,Adventure,Sega  ,Perfect Entertainment  ,,,,,,,
30054,Discworld II: Mortality Bytes!,PC,1996,Adventure,Psygnosis  ,Perfect Entertainment  ,,,,,,,
30055,Discworld Noir,PS,2000,Adventure,GT Interactive  ,Perfect Entertainment  ,,,,,,,
30056,Disgaea 2: Cursed Memories,PSP,2009,Misc,NIS America  ,Unknown  ,,,,,,,
30057,Disgaea 2: Cursed Memories,PS3,2013,Misc,Sony Computer Entertainment America  ,Unknown  ,,,,,,,
30058,Disgaea 2: Dark Hero Days,PSN,2009,Role-Playing,NIS America  ,Nippon Ichi Software  ,8.1,,,,,,
30059,Disgaea 3: Absence of Justice,PSV,2012,Misc,NIS America  ,Unknown  ,,,,,,,
30060,Disgaea Infinite,PSN,2010,Adventure,NIS America  ,Nippon Ichi Software  ,6.8,,,,,,
30061,Disgaea: Afternoon of Darkness,PSN,2009,Role-Playing,NIS America  ,Nippon Ichi Software  ,8.7,,,,,,
30062,Disgaea: Hour of Darkness,PS3,2013,Misc,Sony Computer Entertainment America  ,Unknown  ,,,,,,,
30063,Disgaea: Hour of Darkness,PSP,2007,Misc,NIS America  ,Unknown  ,,,,,,,
30064,Disgaea: Hour of Darkness,DS,2008,Misc,NIS America  ,Unknown  ,,,,,,,
30065,Dishaster,2600,1983,Action,Unknown  ,Zimag  ,,,,,,,
30066,Disney Channel Collection Vol. 2,GBA,2005,Misc,Majesco  ,Majesco Games  ,,,,,,,
30067,Disney Checkout Challenege,And,2014,Simulation,Disney Interactive Studios  ,Disney Interactive Studios  ,,,,,,,
30068,Disney City Girl,PC,2012,Simulation,"Playdom, Inc.  ","Playdom, Inc.  ",,,,,,,
30069,Disney City Girl,BRW,2012,Misc,"Playdom, Inc.  ",Unknown  ,,,,,,,
30070,Disney Fireworks,DSiW,2010,Puzzle,Disney Interactive Studios  ,Disney Interactive Studios  ,5.0,,,,,,
30071,Disney Hidden Worlds,And,2013,Misc,Oddworld Inhabitans  ,Unknown  ,,,,,,,
30072,Disney Infinity,PC,2013,Misc,Disney Interactive Studios  ,Unknown  ,,,,,,,
30073,Disney Infinity 2.0: Marvel Super Heroes,PC,2014,Action-Adventure,Disney Interactive Studios  ,Avalanche Software  ,,,,,,,
30074,Disney Infinity 3.0,And,2015,Action,Disney Interactive Studios  ,Avalanche Software  ,,,,,,,
30075,Disney Infinity 3.0,PC,2015,Action,Disney Interactive Studios  ,Avalanche Software  ,,,,,,,
30076,Disney Magical World 2: My Happy Life,3DS,2020,Simulation,Namco Bandai Games  ,Namco Bandai Games  ,,,,,,,
30077,Disney Princess: Enchanted Journey,PC,2007,Adventure,Disney Interactive Studios  ,Papaya Studios  ,,,,,,,
30078,Disney Princess: My Fairytale Adventure,3DS,2013,Action,Disney Interactive Studios  ,Unknown  ,,,,,,,
30079,Disney Princess: Royal Adventure,GBA,2006,Role-Playing,Buena Vista  ,Art  ,,,,,,,
30080,Disney Princess: Royal Horse Show,PC,2005,Simulation,Disney Interactive Studios  ,Encore Games  ,,,,,,,
30081,Disney Sing It,PC,2008,Misc,Disney Interactive Studios  ,Zoe Mode  ,,,,,,,
30082,Disney Sing It! High School Musical 3: Senior Year,XBL,2010,Misc,Disney Interactive Studios  ,Zoe Mode  ,,,,,,,
30083,Disney Violetta: Rhythm & Music,DS,2014,Music,Disney Interactive Studios  ,Little Orbit  ,,,,,,,
30084,Disney Violetta: Rhythm & Music,Wii,2014,Music,Disney Interactive Studios  ,Little Orbit  ,,,,,,,
30085,Disney Wheres My Valentine?,And,2012,Misc,Oddworld Inhabitans  ,Unknown  ,,,,,,,
30086,Disney's 101 Dalmatians II: Patch's London Adventure,PS,2003,Action,Eidos Interactive  ,Backbone Emeryville  ,,,,,,,
30087,Disney's 102 Dalmatians: Puppies to the Rescue,DC,2000,Platform,Eidos Interactive  ,Crystal Dynamics  ,6.9,,,,,,
30088,Disney's 102 Dalmatians: Puppies to the Rescue,PC,2000,Platform,Disney Interactive Studios  ,Crystal Dynamics  ,,,,,,,
30089,Disney's 102 Dalmatians: Puppies to the Rescue,GB,2000,Platform,Activision  ,Crystal Dynamics  ,,,,,,,
30090,Disney's Aladdin,GG,1994,Platform,Sega  ,SIMS  ,,,,,,,
30091,Disney's Aladdin,GB,1995,Platform,Virgin Interactive  ,NMS Software  ,,,,,,,
30092,Disney's Aladdin,NES,1994,Platform,Virgin Interactive  ,NMS Software  ,,,,,,,
30093,Disney's Aladdin,MS,1994,Platform,Sega  ,Nexa  ,,,,,,,
30094,Disney's Aladdin (GBC),GB,2000,Platform,Ubisoft  ,Crawfish Interactive  ,,,,,,,
30095,Disney's Aladdin in Nasira's Revenge,PC,2001,Action,Disney Interactive Studios  ,Argonaut Games  ,,,,,,,
30096,"Disney's American Dragon: Jake Long, Rise of the Huntsclan",GBA,2006,Action,Buena Vista  ,WayForward  ,6.0,,,,,,
30097,Disney's Ariel the Little Mermaid,MS,1992,Platform,Tec Toy  ,BlueSky Software  ,,,,,,,
30098,Disney's Atlantis: The Lost Empire,GB,2001,Platform,THQ  ,Eurocom Entertainment Software  ,,,,,,,
30099,Disney's Atlantis: The Lost Empire,PSN,2010,Adventure,Disney Interactive Studios  ,Eurocom Entertainment Software  ,,,,,,,
30100,Disney's Atlantis: The Lost Empire - The Search for the Journal,PC,N/A,Shooter,Unknown  ,Zombie  ,,,,,,,
30101,Disney's Beauty and the Beast,SNES,1994,Platform,Hudson Soft  ,Hudson Soft  ,,,,,,,
30102,Disney's Beauty and the Beast,NES,1994,Platform,Hudson Soft  ,Hudson Soft  ,,,,,,,
30103,Disney's Beauty and the Beast,PC,1994,Puzzle,Disney Interactive Studios  ,Infogrames  ,,,,,,,
30104,Disney's Beauty and the Beast Activity Center,PC,2000,Misc,GSP  ,Infogrames  ,,,,,,,
30105,Disney's Beauty and the Beast: Belle's Quest,GEN,1993,Platform,Sunsoft  ,Software Creations  ,,,,,,,
30106,Disney's Beauty and the Beast: Roar of the Beast,GEN,1993,Platform,Sunsoft  ,Software Creations  ,,,,,,,
30107,Disney's Bonkers,GEN,1994,Platform,Capcom  ,Sega  ,,,,,,,
30108,Disney's Bonkers: Wax Up!,GG,1995,Platform,Sega  ,Al Baker and Associates  ,,,,,,,
30109,Disney's Bonkers: Wax Up!,MS,1994,Platform,Tec Toy  ,Tec Toy  ,,,,,,,
30110,Disney's Brother Bear / Disney Princess,GBA,2005,Misc,THQ  ,Various  ,,,,,,,
30111,Disney's Chicken Little,PC,2005,Platform,Buena Vista  ,Avalanche Software  ,,,,,,,
30112,Disney's Chicken Little: Ace in Action,PS2,2006,Shooter,Buena Vista  ,Avalanche Software  ,7.0,,,,,,
30113,Disney's Chip 'n Dale: Rescue Rangers 2,NES,1994,Platform,Capcom  ,Capcom  ,,,,,,,
30114,Disney's Dinosaur,DC,2000,Action,Ubisoft  ,Disney Interactive  ,5.3,,,,,,
30115,Disney's Donald Duck: Goin' Quackers,DC,2000,Platform,Ubisoft  ,Disney Interactive Studios  ,7.2,,,,,,
30116,Disney's Donald Duck: Goin' Quackers,GB,2000,Platform,Ubisoft  ,Disney Interactive Studios  ,,,,,,,
30117,Disney's Donald Duck: Goin' Quackers,PC,2000,Platform,Ubisoft  ,Disney Interactive Studios  ,,,,,,,
30118,Disney's Doug: Doug's Big Game,GB,2000,Adventure,NewKidCo  ,Magellan Interactive  ,,,,,,,
30119,Disney's DuckTales 2,NES,1993,Platform,Capcom  ,Capcom  ,,,,,,,
30120,Disney's DuckTales 2,GB,1993,Platform,Disney Interactive Studios  ,Capcom  ,,,,,,,
30121,Disney's Goof Troop,SNES,1993,Action,Capcom  ,Capcom  ,,,,,,,
30122,Disney's Hercules,PS,1997,Platform,Virgin Interactive  ,Eurocom Entertainment Software  ,,,,,,,
30123,Disney's Hercules,GB,1997,Platform,THQ  ,Tiertex Design Studios  ,,,,,,,
30124,Disney's Hercules,PSN,2010,Platform,Sony Computer Entertainment  ,Eurocom Entertainment Software  ,,,,,,,
30125,Disney's Kim Possible: What's the Switch?,PS2,2006,Platform,Buena Vista  ,Artificial Mind and Movement  ,,,,,,,
30126,Disney's Lilo & Stitch,PS,2002,Platform,Sony Computer Entertainment  ,Blitz Games  ,,,,,,,
30127,Disney's Lilo & Stitch,PSN,2011,Action,Sony Computer Entertainment  ,Blitz Games  ,,,,,,,
30128,Disney's Meet the Robinsons,GBA,2007,Action,Disney Interactive Studios  ,Climax Entertainment  ,4.7,,,,,,
30129,Disney's Meet the Robinsons,PC,2007,Action,Disney Interactive Studios  ,Avalanche Software  ,,,,,,,
30130,Disney's Meet the Robinsons,PS2,2007,Action,Disney Interactive Studios  ,Avalanche Software  ,,,,,,,
30131,Disney's Meet The Robinsons,XBL,2009,Action,Disney Interactive Studios  ,Avalanche Software  ,,,,,,,
30132,Disney's Mulan,GB,1998,Platform,THQ  ,Tiertex Design Studios  ,,,,,,,
30133,Disney's Peter Pan: The Legend of Never Land,PS2,2005,Action,Sony Computer Entertainment  ,Blue52  ,,,,,,,
30134,Disney's Pinocchio,SNES,1996,Platform,Disney Interactive Studios  ,Virgin Interactive  ,,,,,,,
30135,Disney's Pinocchio,GB,1996,Platform,Black Pearl  ,NMS Software  ,,,,,,,
30136,Disney's Pinocchio,GEN,1996,Platform,THQ  ,Virgin Interactive  ,,,,,,,
30137,Disney's Pocahontas,GB,1996,Platform,Black Pearl  ,Tiertex Design Studios  ,,,,,,,
30138,Disney's Pocahontas,GEN,1996,Platform,Disney Interactive Studios  ,Funcom Oslo A/S  ,,,,,,,
30139,Disney's Pooh's Party Game: In Search of the Treasure,PSN,2009,Misc,Disney Interactive Studios  ,Doki Denki  ,,,,,,,
30140,Disney's Talespin,GG,1993,Action,Sega  ,Interactive Designs  ,,,,,,,
30141,Disney's TaleSpin,NES,1991,Shooter,Capcom  ,Capcom  ,,,,,,,
30142,Disney's TaleSpin,GB,1992,Shooter,Capcom  ,Capcom  ,,,,,,,
30143,Disney's TaleSpin,PCE,1991,Action,NEC  ,Interactive Designs  ,,,,,,,
30144,Disney's TaleSpin,GEN,1992,Platform,Sega  ,Sega  ,,,,,,,
30145,Disney's Tarzan,PS,1999,Action,Sony Computer Entertainment  ,Eurocom Entertainment Software  ,,,,,,,
30146,Disney's Tarzan,GB,1999,Action,Activision  ,Digital Eclipse  ,,,,,,,
30147,Disney's Tarzan,PC,N/A,Platform,Unknown  ,Disney Interactive  ,,,,,,,
30148,Disney's Tarzan,PSN,2009,Action,Disney Interactive Studios  ,Eurocom Entertainment Software  ,,,,,,,
30149,Disney's The Emperor's New Groove,GB,2000,Platform,Ubisoft  ,Sandbox  ,,,,,,,
30150,Disney's The Emperor's New Groove,PSN,2011,Platform,Sony Computer Entertainment  ,Argonaut Software  ,,,,,,,
30151,Disney's The Hunchback of Notre Dame,GB,1997,Misc,Disney Interactive Studios  ,Tiertex Design Studios  ,,,,,,,
30152,Disney's The Jungle Book,GEN,1994,Platform,Virgin Interactive  ,Eurocom Entertainment Software  ,,,,,,,
30153,Disney's The Jungle Book,PC,1995,Platform,Virgin Interactive  ,Disney Interactive  ,,,,,,,
30154,Disney's The Jungle Book,NES,1994,Platform,Virgin Interactive  ,Eurocom Entertainment Software  ,,,,,,,
30155,Disney's The Lion King 1 1/2,GBA,2003,Action,THQ  ,Vicarious Visions  ,,,,,,,
30156,Disney's The Lion King: Classic Game Collection,PC,2003,Misc,Disney Interactive Studios  ,Disney Interactive Studios  ,,,,,,,
30157,Disney's The Lion King: Simba's Mighty Adventure,GB,2000,Action,Activision  ,Torus Games  ,,,,,,,
30158,Disney's The Little Mermaid II,PSN,2009,Action,Disney Interactive Studios  ,GBlitz Games  ,,,,,,,
30159,Disney's The Little Mermaid II Pinball Frenzy,GB,2000,Misc,Nintendo  ,Left Field Productions  ,,,,,,,
30160,Disney's The Little Mermaid: Magic in Two Kingdoms,GBA,2006,Action,Buena Vista  ,Gorilla Systems  ,,,,,,,
30161,Disney's Timon & Pumbaa's Jungle Games,SNES,1997,Puzzle,THQ  ,Tiertex Design Studios  ,,,,,,,
30162,Disney's Winnie the Pooh's Rumbly Tumbly Adventure & Rayman 3,GBA,2006,Platform,Ubisoft  ,Phoenix Game Studio / Ubisoft  ,,,,,,,
30163,Disney/Pixar Collection,PC,2005,Action,THQ  ,THQ  ,,,,,,,
30164,Disney's Ariel: The Little Mermaid,GEN,1992,Action,Sega  ,Bluesky Innovations  ,,,,,,,
30165,DisneyÂ´s The Jungle Book,GB,1994,Platform,Virgin Interactive  ,Eurocom Entertainment Software  ,,,,,,,
30166,Dissidia 012: Duodecim Final Fantasy,PSN,2011,Fighting,Square Enix  ,Square Enix  ,8.3,,,,,,
30167,Dissidia Duodecim Prologus Final Fantasy,PSN,2011,Fighting,Square Enix  ,Square Enix  ,,,,,,,
30168,Dissidia: Final Fantasy,PSN,2009,Fighting,Square Enix  ,Square Enix  ,8.1,,,,,,
30169,Dissidia: Final Fantasy (Arcade),Arc,2016,Fighting,Square Enix  ,Square Enix  ,,,,,,,
30170,Distance,Linux,2020,Misc,Refract Studios  ,Unknown  ,,,,,,,
30171,Distance,OSX,2020,Misc,Refract Studios  ,Unknown  ,,,,,,,
30172,Distant Worlds: Universe,PC,2014,Misc,Slitherine  ,Unknown  ,,,,,,,
30173,Diva Girls: Making the Music,DS,2009,Misc,505 Games  ,505 Games  ,,,,,,,
30174,Dive: The Medes Islands Secret!,WW,2010,Adventure,Cosmonaut Games  ,Cosmonaut Games  ,,,,,,,
30175,DiveBomb Chomp,And,2014,Misc,Unknown  ,Unknown  ,,,,,,,
30176,DiveBomb Chomp,OSX,2014,Misc,Unknown  ,Unknown  ,,,,,,,
30177,DiveBomb Chomp,PC,2014,Misc,Unknown  ,Unknown  ,,,,,,,
30178,Divekick,PS4,2013,Misc,Namco Networks America Inc.  ,Unknown  ,,,,,,,
30179,Divekick,PS3,2013,Misc,Namco Networks America Inc.  ,Unknown  ,,,,,,,
30180,Divekick,PSV,2013,Misc,Namco Networks America Inc.  ,Unknown  ,,,,,,,
30181,Divekick,XOne,2020,Fighting,Namco Networks America Inc.  ,Namco Networks America Inc.  ,,,,,,,
30182,Diver's Dream,PS,1998,Action,Konami  ,KCE Sapporo  ,,,,,,,
30183,Divergent Shift,DSiW,2010,Platform,Konami  ,Intrinsic Games  ,,,,,,,
30184,Divine Gate,And,2013,Puzzle,GungHo  ,Unknown  ,,,,,,,
30185,Divine Justice Zero,XBL,2011,Action,Microsoft  ,Xazin  ,,,,,,,
30186,Divine Sealing,GEN,1991,Action,Unknown  ,CYX  ,,,,,,,
30187,Divine Souls,PC,N/A,Action,Unknown  ,Outspark Inc.  ,,,,,,,
30188,Divinity II: Flames of Vengeance,X360,2010,Role-Playing,DTP Entertainment  ,Larian Studios  ,,,,,,,
30189,Divinity II: The Dragon Knight Saga,PC,2010,Role-Playing,Focus Home Interactive  ,Larian Studios  ,,,,,,,
30190,Division Omega,XBL,2009,Shooter,Microsoft  ,Murkaeus  ,,,,,,,
30191,Dizzel,PC,2014,Action,OGPlanet  ,Neowiz Entertainment  ,,,,,,,
30192,DJ Boy,GEN,1990,Action,Kaneko Co. Ltd  ,Kaneko  ,,,,,,,
30193,DJ Hero 3D,3DS,N/A,Misc,Unknown  ,FreeStyleGames  ,,,,,,,
30194,DJ Max Fever,PSN,2010,Misc,PM Studios  ,Pentavision Entertainment  ,7.7,,,,,,
30195,DJ Max Portable,PSP,2006,Misc,Pentavision Entertainment  ,Pentavision Entertainment  ,,,,,,,
30196,DJ Max Portable - Black Square,PSP,2008,Misc,Pentavision Entertainment  ,Pentavision Entertainment  ,,,,,,,
30197,DJ Max Portable - Clazziquai Edition,PSP,2008,Misc,Pentavision Entertainment  ,Pentavision Entertainment  ,,,,,,,
30198,DJ Max Portable 2,PSP,2007,Misc,Pentavision Entertainment  ,Pentavision Entertainment  ,,,,,,,
30199,DJ Max Portable 3,PSN,2010,Misc,PM Studios  ,Pentavision Entertainment  ,,,,,,,
30200,DJ Max Portable: Black Square,PSP,2012,Misc,CyberFront  ,Unknown  ,,,,,,,
30201,DJ Max Technika,PSV,N/A,Misc,Unknown  ,Pentavision  ,,,,,,,
30202,DJ Max Technika Portable,PSV,N/A,Misc,Unknown  ,CyberFront  ,,,,,,,
30203,DJ Max Trilogy,PC,2008,Misc,Pentavision Entertainment  ,Pentavision Entertainment  ,,,,,,,
30204,DJ Wars,SAT,1997,Misc,Spike  ,Exit  ,,,,,,,
30205,DLC Quest,XBL,2011,Action,Microsoft  ,Going Loud Studios  ,,,,,,,
30206,Do Not Fall,PS3,2013,Misc,XPEC Entertainment  ,Unknown  ,,,,,,,
30207,Doc Clock: The Toasted Sandwich of Time,WW,2011,Puzzle,Stickmen Studios  ,Stickmen Studios  ,,,,,,,
30208,Doc Clock: The Toasted Sandwich of Time,PC,2010,Puzzle,Stickmen Studios  ,Stickmen Studios  ,,,,,,,
30209,Doc Clock: The Toasted Sandwich of Time,PSN,N/A,Puzzle,Unknown  ,Stickmen Studios  ,,,,,,,
30210,Doc Louis's Punch-Out!!,WW,2009,Fighting,Nintendo  ,Next Level Games  ,,,,,,,
30211,Dock'em,XBL,2009,Strategy,Microsoft  ,QuantumSquid  ,,,,,,,
30212,Doctor Hauzer,3DO,1994,Adventure,Riverhillsoft  ,Riverhill Soft  ,,,,,,,
30213,Doctor Who,DS,N/A,Adventure,Unknown  ,TBA  ,,,,,,,
30214,Doctor Who,Wii,N/A,Adventure,Unknown  ,TBA  ,,,,,,,
30215,Doctor Who And The Warlord,PC,N/A,Adventure,Unknown  ,Unknown  ,,,,,,,
30216,Doctor Who: The Adventure Games Episode 1: City of the Daleks,PC,2010,Adventure,SUMO interactive  ,Sumo Digital  ,,,,,,,
30217,Doctor Who: The Adventure Games Episode 2: Blood of the Cybermen,PC,2010,Adventure,SUMO interactive  ,Sumo Digital  ,,,,,,,
30218,Doctor Who: The Adventure Games Episode 3,PC,N/A,Adventure,Unknown  ,Sumo Digital  ,,,,,,,
30219,Doctor Who: The Adventure Games Episode 4,PC,N/A,Adventure,Unknown  ,Sumo Digital  ,,,,,,,
30220,Doctor Who: The Eternity Clock,PS3,2012,Action,BBC Worldwide  ,Unknown  ,,,,,,,
30221,Dodge,PC,2015,Action,Yokcos  ,Yokcos  ,,,,,,,
30222,Dodge 'Em,2600,1978,Racing,Atari  ,Atari  ,,,,,,,
30223,Dodge Boy,GB,1991,Sports,Tonkin House  ,Tonkin House  ,,,,,,,
30224,Dodge IT - Survive IT,PC,2015,Misc,Unknown  ,Unknown  ,,,,,,,
30225,Dodge These Balls,XBL,2009,Platform,Microsoft  ,imagodespira  ,,,,,,,
30226,DodgeBall,PS2,2005,Sports,505 Games  ,Access  ,,,,,,,
30227,Dodgem Arena,PS,1998,Racing,Project Two Interactive  ,Formula Game Development  ,,,,,,,
30228,DodoGo!,DSiW,2010,Puzzle,Neko Entertainment  ,Alien After All  ,,,,,,,
30229,DodoGo! Challenge,DSiW,2010,Puzzle,Neko Entertainment  ,Alien After All  ,,,,,,,
30230,DodoGo! Robo,DSiW,2011,Puzzle,Neko Entertainment  ,Alien After All  ,,,,,,,
30231,DoDonPachi,SAT,1997,Shooter,Atlus  ,Cave  ,,,,,,,
30232,DoDonPachi,PS,1998,Shooter,SPS  ,"SPS Co.,Ltd.  ",,,,,,,
30233,DoDonPachi,PSN,2010,Role-Playing,Hamster Corporation  ,"SPS Co.,Ltd.  ",,,,,,,
30234,DoDonPachi Dai-Oujou,PS2,2003,Shooter,Arika  ,Cave  ,,,,,,,
30235,DoDonPachi Daifukkatsu: Black Label,XBL,2011,Shooter,Cave  ,Cave  ,,,,,,,
30236,Dog Star Adventure,PC,1979,Adventure,Unknown  ,Scott Adams & Lance Micklus  ,,,,,,,
30237,Dogfight 1942,X360,2012,Misc,City Interactive  ,Unknown  ,,,,,,,
30238,Dogfight 1942,PC,2012,Misc,City Interactive  ,Unknown  ,,,,,,,
30239,Dogfight 1942,PS3,2012,Misc,City Interactive  ,Unknown  ,,,,,,,
30240,Doggie Daycare,PC,2008,Simulation,Viva Media  ,"Viva Media, LLC  ",,,,,,,
30241,Dogimegi Inryoku-chan,3DS,2013,Misc,Arc System Works  ,Unknown  ,,,,,,,
30242,Dogs of War,PC,2000,Strategy,TalonSoft  ,Silicon Dreams  ,,,,,,,
30243,Doguu Senki: Haou,DC,2000,Strategy,Victor Interactive  ,Victor Interactive Software  ,,,,,,,
30244,Dogz,GB,1999,Simulation,Mindscape  ,Saffire Corporation  ,,,,,,,
30245,Dogz,PC,2006,Simulation,Ubisoft  ,ImaginEngine  ,,,,,,,
30246,Dogz (1995),PC,1995,Simulation,Mindscape  ,PF.Magic  ,,,,,,,
30247,Dogz 2,GBA,2007,Simulation,Ubisoft  ,MTO  ,,,,,,,
30248,Dogz 3,PC,1998,Simulation,PF.Magic  ,PF.Magic  ,,,,,,,
30249,Dogz 4,PC,1999,Simulation,Mindscape  ,PF.Magic  ,,,,,,,
30250,Dogz II,PC,1997,Simulation,PF.Magic  ,PF.Magic  ,,,,,,,
30251,Dogz II & Catz II,PC,1999,Simulation,Mindscape  ,PF.Magic  ,,,,,,,
30252,Dokapon 3-2-1: Arashi o Yobu Yuujou,SNES,1994,Role-Playing,Asmik Ace Entertainment  ,"Asmik Ace Entertainment, Inc  ",,,,,,,
30253,Dokapon DX: Wataru Sekai wa Oni Darake,GC,2003,Role-Playing,Asmik Ace Entertainment  ,Sting  ,,,,,,,
30254,Dokapon DX: Wataru Sekai wa Oni Darake,PS2,2004,Role-Playing,Asmik Ace Entertainment  ,Sting  ,,,,,,,
30255,Dokapon Gaiden: Honoo no Audition,SNES,1995,Role-Playing,Asmik Ace Entertainment  ,Earthly Soft  ,,,,,,,
30256,Dokapon the World,PS2,2004,Role-Playing,Asmik Ace Entertainment  ,"Asmik Ace Entertainment, Inc  ",,,,,,,
30257,Dokapon?! Millennium Quest,GB,2000,Role-Playing,Asmik Ace Entertainment  ,"Asmik Ace Entertainment, Inc  ",,,,,,,
30258,Dokee and the Musical Rain,XBL,2008,Misc,Microsoft  ,Baltico X  ,,,,,,,
30259,Doki Doki Idol Star Seeker Remix,DC,2002,Puzzle,G.Rev  ,G.Rev  ,,,,,,,
30260,Doki Doki On Air,PS,1998,Strategy,Bottom Up  ,Bottom Up  ,,,,,,,
30261,Doki Doki On Air 2,PS,1999,Strategy,Bottom Up  ,Bottom Up  ,,,,,,,
30262,Doki Doki Poyatachio!!,PS,1998,Role-Playing,King Records  ,King Records  ,,,,,,,
30263,Doki Doki Pretty League,PS,1997,Strategy,Xing Entertainment  ,Xing Entertainment  ,,,,,,,
30264,Doki Doki Pretty League: Lovely Star,PS,2001,Adventure,Xing Entertainment  ,Xing Entertainment  ,,,,,,,
30265,Doki Doki Pretty League: Nekketsu Otome Seishunki,PS,1998,Strategy,Xing Entertainment  ,Xing Entertainment  ,,,,,,,
30266,Doki Doki Shutter Chance,PS,1997,Puzzle,Nippon Ichi Software  ,Nippon Ichi Software  ,,,,,,,
30267,Doki-Doki Universe,PS4,2013,Misc,Sony Computer Entertainment  ,HumaNature Studios  ,,,,,,,
30268,Doki-Doki Universe,PS3,2013,Misc,Sony Computer Entertainment  ,HumaNature Studios  ,,,,,,,
30269,DokiDoki Penguin Land (MN),GEN,1991,Puzzle,Sega  ,Sega  ,,,,,,,
30270,Doko Demo Issyo Tsuika Disc: Koneko Mo Issyo,PS,2000,Simulation,Sony Computer Entertainment  ,SCEI  ,,,,,,,
30271,Doko Demo Raku Raku! DS Kakeibo,DS,2006,Misc,Namco Bandai  ,Bandai Namco Games  ,,,,,,,
30272,Dokodemo Hamster,WS,2000,Simulation,Bec  ,Bec  ,,,,,,,
30273,Dokodemo Hamster 2,PS,2000,Simulation,Bec  ,Bec  ,,,,,,,
30274,Dokodemo Hamster 3: O Dekake Safuran,WS,2000,Simulation,Bec  ,Bec  ,,,,,,,
30275,Dokodemo Hamster 4: Doki Doki Sugoroku Daibouken!,PS,2001,Misc,Bec  ,Atelier Double  ,,,,,,,
30276,Dokodemo Hamster B! Quick Club,PS,2002,Adventure,Bec  ,Bec  ,,,,,,,
30277,Dokodemo Taikyoku: Yakuman Advance,GBA,2001,Adventure,Nintendo  ,"Nd Cube Co., Ltd.  ",,,,,,,
30278,Dolmus Driver,And,2013,Misc,Gripati Digital Entertainment  ,Unknown  ,,,,,,,
30279,Dolucky no Kusayakiu,SNES,1993,Sports,Imagineer  ,Zoom Inc.  ,,,,,,,
30280,Dolucky no Puzzle Tour '94,SNES,1994,Puzzle,Imagineer  ,Zoom Inc.  ,,,,,,,
30281,Dolucky's A-League Soccer,SNES,1994,Sports,Imagineer  ,Zoom Inc.  ,,,,,,,
30282,Domination,PC,2005,Strategy,DreamCatcher Interactive  ,Wargaming.net  ,,,,,,,
30283,Dominions 3: The Awakening,OSX,2013,Misc,Unknown  ,Unknown  ,,,,,,,
30284,Dominions 3: The Awakening,Linux,2013,Misc,Unknown  ,Unknown  ,,,,,,,
30285,Dominions 3: The Awakening,PC,2013,Misc,Unknown  ,Unknown  ,,,,,,,
30286,Domino Master,XBL,2008,Misc,Microsoft  ,"TikGames, LLC  ",,,,,,,
30287,Domo-Kun no Fushigi Terebi,GBA,2002,Role-Playing,Nintendo  ,Suzak  ,,,,,,,
30288,Don Bradman Cricket 14,PC,2014,Sports,Tru Blu Entertainment  ,Big Ant Studios  ,,,,,,,
30289,Don Bradman Cricket 17,PS4,2016,Sports,Tru Blu Entertainment  ,Big Ant Studios  ,,,,,,,
30290,Don Bradman Cricket 17,XOne,2016,Sports,Tru Blu Entertainment  ,Big Ant Studios  ,,,,,,,
30291,Don Doko Don,PCE,1990,Platform,Taito  ,Taito Corporation  ,,,,,,,
30292,Don Doko Don,NES,1990,Platform,Taito  ,Taito Corporation  ,,,,,,,
30293,Don Doko Don 2,NES,1992,Platform,Taito  ,Taito Corporation  ,,,,,,,
30294,Don Doko Don! Manatsu Noko Fundo,PC,2004,Adventure,Unknown  ,Xai  ,,,,,,,
30295,Don't be nervous talking to Girls,XBL,2009,Role-Playing,Microsoft  ,Silver Dollar Games  ,,,,,,,
30296,Don't Call Me Skyfish,XBL,2011,Platform,Microsoft  ,Uplion  ,,,,,,,
30297,Don't Cross the Line,DSiW,2010,Puzzle,Aksys Games  ,Jupiter Corporation  ,,,,,,,
30298,Don't Fear The Sweeper,XBL,2009,Puzzle,Microsoft  ,gameXcore  ,,,,,,,
30299,Don't Feed The Animals,DSiW,2010,Strategy,Electron Jump Games  ,Electron Jump Games  ,,,,,,,
30300,Don't Feed the Trolls,XBL,2011,Action,Unknown  ,Frozax Games  ,,,,,,,
30301,Don't Shoot the Puppy,PC,2006,Strategy,Unknown  ,RRRR  ,,,,,,,
30302,Don't Starve: Giant Edition,PS3,2015,Adventure,Klei Entertainment  ,Klei Entertainment  ,,,,,,,
30303,Don't Starve: Giant Edition,WiiU,2015,Adventure,Klei Entertainment  ,Klei Entertainment  ,,,,,,,
30304,Don't Starve: Giant Edition,PSV,2014,Adventure,Klei Entertainment  ,Klei Entertainment  ,,,,,,,
30305,Don-Chan Puzzle: Hanabi de Don,GBA,2004,Puzzle,Aruze Corp  ,Aruze Corp  ,,,,,,,
30306,Donald in Maui Mallard,GEN,1995,Platform,Sega  ,Eurocom Entertainment Software  ,,,,,,,
30307,Donald Land,NES,1988,Action,Data East  ,Data East  ,,,,,,,
30308,Donald Trump's Real Estate Tycoon,PC,2002,Strategy,Activision  ,Red Cap Entertainment  ,,,,,,,
30309,Donguri Adventure,DS,2012,Misc,Activision  ,Unknown  ,,,,,,,
30310,Donguri Adventure,Wii,2012,Misc,Activision  ,Unknown  ,,,,,,,
30311,Donguri Adventure,3DS,2012,Misc,Activision  ,Unknown  ,,,,,,,
30312,Donkey (DONKEY.BAS),PC,1981,Racing,IBM  ,Bill Gates  ,,,,,,,
30313,Donkey Kong,VC,2006,Platform,Nintendo  ,Nintendo  ,,,,,,,
30314,Donkey Kong,7800,1988,Platform,Atari  ,Nintendo  ,,,,,,,
30315,Donkey Kong,PC,1983,Platform,Atari  ,Nintendo  ,,,,,,,
30316,Donkey Kong (FDS),NES,1988,Platform,Nintendo  ,Nintendo  ,,,,,,,
30317,Donkey Kong 3,NES,1986,Platform,Nintendo  ,Nintendo R&D1  ,,,,,,,
30318,Donkey Kong 3,VC,2008,Platform,Nintendo  ,Nintendo R&D1  ,,,,,,,
30319,Donkey Kong Country,VC,2007,Platform,Nintendo  ,Rare Ltd.  ,8.1,,,,,,
30320,Donkey Kong Country 2: Diddy's Kong Quest,VC,2007,Platform,Nintendo  ,Rare Ltd.  ,8.8,,,,,,
30321,Donkey Kong Country 3: Dixie Kong's Double Trouble!,VC,2007,Platform,Nintendo  ,Rare Ltd.  ,8.5,,,,,,
30322,Donkey Kong Jr.,VC,2006,Platform,Nintendo  ,Nintendo R&D1  ,,,,,,,
30323,Donkey Kong Jr. (FDS),NES,1988,Platform,Nintendo  ,Nintendo R&D1  ,,,,,,,
30324,Donkey Kong Jr. Math,NES,1985,Misc,Nintendo  ,Nintendo  ,,,,,,,
30325,Donkey Kong Jr. Math,VC,2007,Misc,Nintendo  ,Nintendo  ,,,,,,,
30326,Donkey Kong Jr. Math,WiiU,2014,Misc,Nintendo  ,Nintendo  ,,,,,,,
30327,Donkey Kong Junior,7800,1988,Platform,Atari  ,Nintendo  ,,,,,,,
30328,Donkey Konga 1+2 Pack,GC,2004,Misc,Nintendo  ,Namco  ,,,,,,,
30329,Donkey Konga 3: Tabe-houdai! Haru Mogitate 50 Kyoku,GC,2005,Misc,Nintendo  ,Namco  ,,,,,,,
30330,Donkey Xote,PSN,2009,Action,Virgin Play   ,Virgin Play  ,,,,,,,
30331,Donkey Xote,PSP,2009,Action,Virgin Play   ,Virgin Play  ,,,,,,,
30332,DonPachi,SAT,1996,Shooter,Atlus  ,Nihon Falcom Corporation  ,,,,,,,
30333,DonPachi,PS,1996,Shooter,SPS  ,Cave  ,,,,,,,
30334,DonPachi,PSN,2010,Shooter,Hamster Corporation  ,Cave  ,,,,,,,
30335,Donut County,And,2018,Adventure,Annapurna Interactive  ,Unknown  ,,,,,,,
30336,Donut County,OSX,2018,Adventure,Annapurna Interactive  ,Unknown  ,,,,,,,
30337,Donut County,PC,2018,Adventure,Annapurna Interactive  ,Unknown  ,,,,,,,
30338,Donut Dash!,And,2014,Misc,Unknown  ,Unknown  ,,,,,,,
30339,Donut Yum!,PSV,2014,Misc,Syntetic Dreams  ,Unknown  ,,,,,,,
30340,Doodle Attack,OSX,2015,Misc,Double Fine Productions  ,Unknown  ,,,,,,,
30341,Doodle Attack,Linux,2015,Misc,Double Fine Productions  ,Unknown  ,,,,,,,
30342,Doodle Attack,PC,2015,Misc,Double Fine Productions  ,Unknown  ,,,,,,,
30343,Doodle Dash!,3DS,N/A,Misc,Unknown  ,Unknown  ,,,,,,,
30344,Doodle Jump,XBL,N/A,Platform,Unknown  ,Lima Sky  ,,,,,,,
30345,Doodle Pool,PSN,2011,Sports,Big Head Games  ,Big Head Games Ltd.  ,,,,,,,
30346,Doodleman,XBL,2009,Fighting,Microsoft  ,Pigyman  ,,,,,,,
30347,Doom,SNES,1996,Shooter,Williams Entertainment  ,Sculptured Software  ,,,,,,,
30348,Doom,3DO,1996,Shooter,Art Data Interactive  ,"Logicware, Inc.  ",,,,,,,
30349,Doom,SAT,1997,Shooter,GT Interactive  ,Rage Software  ,,,,,,,
30350,Doom,XBL,2006,Shooter,Activision  ,Nerve Software  ,8.0,,,,,,
30351,Doom,AJ,1994,Shooter,Atari  ,id Software  ,,,,,,,
30352,Doom & Destiny,XBL,2011,Role-Playing,HeartBit Interactive  ,HeartBit Interactive  ,,,,,,,
30353,Doom & Destiny,And,2013,Misc,HeartBit Interactive  ,Unknown  ,,,,,,,
30354,Doom & Destiny,PC,2012,Misc,HeartBit Interactive  ,Unknown  ,,,,,,,
30355,Doom 3: Resurrection of Evil,PC,2005,Shooter,Activision  ,Nerve Software  ,8.0,,,,,,
30356,Doom II,XBL,2010,Shooter,Bethesda Softworks  ,Nerve Software  ,,,,,,,
30357,Doom Rails,PC,2009,Action,Dream Forge Entertainment  ,Dream Forge Entertainment  ,,,,,,,
30358,Doom Troopers,SNES,1995,Platform,Playmates  ,Adrenalin Entertainment  ,,,,,,,
30359,Doom Troopers,GEN,1995,Platform,Playmates  ,Adrenalin Entertainment  ,,,,,,,
30360,Doomdark's Revenge,ZXS,1985,Misc,Beyond Software  ,Unknown  ,,,,,,,
30361,Doomdark's Revenge,ACPC,1985,Role-Playing,Beyond Software  ,Unknown  ,,,,,,,
30362,Doomdark's Revenge,C64,1985,Misc,Beyond Software  ,Unknown  ,,,,,,,
30363,Doomsday Racers,PS2,2005,Racing,Phoenix Games  ,Phoenix Games  ,,,,,,,
30364,Doomsday Warrior,SNES,1993,Fighting,Renovation  ,Laser Soft  ,,,,,,,
30365,Door Door,NES,1985,Puzzle,Enix  ,ChunSoft  ,,,,,,,
30366,Door Door,PC,1984,Action,Enix  ,"Chunsoft Co., Ltd.  ",,,,,,,
30367,Door Kickers,Linux,2014,Strategy,KillHouse Games  ,KillHouse Games  ,,,,,,,
30368,Door Kickers,OSX,2014,Strategy,KillHouse Games  ,KillHouse Games  ,,,,,,,
30369,DOORS 4 FREE - room escape -,And,2014,Action,Unknown  ,Unknown  ,,,,,,,
30370,Doorways: The Underworld,Linux,2014,Adventure,Unknown  ,Unknown  ,,,,,,,
30371,Doorways: The Underworld,OSX,2014,Adventure,Unknown  ,Unknown  ,,,,,,,
30372,Doorways: The Underworld,PC,2014,Adventure,Unknown  ,Unknown  ,,,,,,,
30373,Doppler,And,2014,Puzzle,Unknown  ,Unknown  ,,,,,,,
30374,Dora the Explorer Adventure 3-Pack,PC,2005,Adventure,Atari  ,Atari  ,,,,,,,
30375,Dora the Explorer: Animal Adventures,PC,2007,Action,Atari  ,Atari  ,,,,,,,
30376,Dora the Explorer: Backpack Adventure,PC,2002,Adventure,Atari  ,Atari  ,,,,,,,
30377,Dora the Explorer: Barnyard Buddies,PS,2003,Adventure,Global Star Software  ,Santa Cruz Games  ,,,,,,,
30378,Dora the Explorer: Candy Land,PC,2007,Adventure,Activision  ,Activision  ,,,,,,,
30379,Dora the Explorer: Dora's World Adventure!,GBA,2006,Adventure,Global Star Software  ,Black Lantern Studios  ,,,,,,,
30380,Dora the Explorer: Lost and Found Adventure,PC,2009,Adventure,Nickelodeon  ,Nickelodeon  ,,,,,,,
30381,Dora the Explorer: Lost City Adventure,PC,2002,Puzzle,Infogrames  ,Infogrames  ,,,,,,,
30382,Dora the Explorer: World Adventure!,PC,2006,Action,Activision  ,Black Lantern Studios  ,,,,,,,
30383,Doraemon,GB,1991,Action,Epoch  ,Epoch  ,,,,,,,
30384,Doraemon 2: Animal Wakusei Densetsu,GB,1992,Action,Epoch  ,Epoch  ,,,,,,,
30385,Doraemon 2: Nobita to Hikari no Shinden,N64,1998,Platform,Epoch  ,Epoch  ,,,,,,,
30386,Doraemon 2: SOS! Otogi no Kuni,PS,1997,Action,Epoch  ,Epoch  ,,,,,,,
30387,Doraemon 3: Makai no Dungeon,PS,2000,Role-Playing,Epoch  ,Epoch  ,,,,,,,
30388,Doraemon 3: Nobita to Toki no Hougyoku,SNES,1994,Platform,Epoch  ,Fortyfive  ,,,,,,,
30389,Doraemon Dokodemo Walker,GBA,2002,Misc,Epoch  ,Epoch  ,,,,,,,
30390,Doraemon Kart,GB,1998,Racing,Epoch  ,Epoch  ,,,,,,,
30391,Doraemon Kart 2,GB,1999,Racing,Epoch  ,Epoch  ,,,,,,,
30392,Doraemon Memories: Nobi Dai no Omoi Izaru Daibouken,GB,2000,Action,Epoch  ,Epoch  ,,,,,,,
30393,Doraemon Minna de Yuubou!,GC,2003,Platform,Epoch  ,Epoch  ,,,,,,,
30394,Doraemon no GameBoy de Asobouyo DX10,GB,1998,Action,Epoch  ,Epoch  ,,,,,,,
30395,Doraemon no Study Boy: Gakushuu Kanji Game,GB,2001,Misc,Epoch  ,Epoch  ,,,,,,,
30396,Doraemon no Study Boy: Kanji Yomikaki Master,GB,2003,Misc,Epoch  ,Epoch  ,,,,,,,
30397,Doraemon no Study Boy: Kuku Game,GB,2000,Misc,Epoch  ,Epoch  ,,,,,,,
30398,Doraemon Nobita No Dorabian Night (Card),PCE,1991,Platform,Hudson Soft  ,Now Production  ,,,,,,,
30399,Doraemon Nobita No Dorabian Night (CD),PCE,1992,Platform,Hudson Soft  ,Now Production  ,,,,,,,
30400,Doraemon Nobita to 3 Tsu no Seirei Ishi,N64,1997,Platform,Epoch  ,Epoch  ,,,,,,,
30401,Doraemon Quiz Boy,GB,2000,Misc,Shogakukan  ,Shogakukan  ,,,,,,,
30402,Doraemon Quiz Boy 2,GB,2002,Misc,Epoch  ,Epoch  ,,,,,,,
30403,Doraemon Yuujou Densetsu,3DO,1995,Adventure,Shogakukan  ,Shogakukan  ,,,,,,,
30404,Doraemon: Aruke Aruke Labyrinth,GB,1999,Action,Epoch  ,Epoch  ,,,,,,,
30405,Doraemon: Giga Zombie no Gyakushuu,NES,1990,Role-Playing,Epoch  ,Epoch  ,,,,,,,
30406,Doraemon: Himitsu no Yojigen Pocket,PS,2001,Misc,Bandai  ,Bandai  ,,,,,,,
30407,Doraemon: Kimito Pet no Monogatari,GB,2001,Role-Playing,Epoch  ,Epoch  ,,,,,,,
30408,Doraemon: Midori no Wakusei Doki Doki Daikyuushuutsu!,GBA,2001,Role-Playing,Epoch  ,Mobile 21  ,,,,,,,
30409,Doraemon: Nobi Futo to Fukkatsu no Hoshi,SAT,1996,Action,Epoch  ,Epoch  ,,,,,,,
30410,Doraemon: Nobita to Yousei no Kuni,SNES,1993,Action,Epoch  ,SAS Sakata  ,,,,,,,
30411,Doraemon: Nobitaito Fukkatsu no Hoshi,PS,1996,Action,Epoch  ,Epoch  ,,,,,,,
30412,Doraemon: Nora no Suke no Yabou,GG,1993,Action,Sega  ,Sega  ,,,,,,,
30413,Doraemon: Wakuwaku Pocket Paradise,GG,1996,Misc,Sega  ,Sega  ,,,,,,,
30414,Doraemon: Yume Dorobou to 7-Jin no Gozans,GEN,1993,Action,Sega  ,Sega  ,,,,,,,
30415,DoraSlot: Hana Hana Matsuri Da!!,PSP,2009,Misc,Dorasu  ,Dorasu  ,,,,,,,
30416,DoReMi Fantasy: Milon no DokiDoki Daibouken,SNES,1996,Platform,Hudson Soft  ,Hudson Soft  ,,,,,,,
30417,DoReMi Fantasy: Milon's DokiDoki Adventure,VC,2008,Platform,Hudson Soft  ,Hudson Soft  ,,,,,,,
30418,Doritos Crash Course,XBL,2010,Racing,Microsoft Game Studios  ,Wanako Studios  ,8.0,,,,,,
30419,Dot Defense,PSN,2010,Strategy,Nippon Ichi Software  ,System Prisma  ,,,,,,,
30420,Dot Error,XBL,2009,Shooter,Microsoft  ,rece  ,,,,,,,
30421,Dota 2,PC,2013,Strategy,Valve Corporation  ,Valve  ,,,,,,,
30422,Dota 2,OSX,2013,Strategy,Valve Corporation  ,Valve  ,,,,,,,
30423,Dota 2,Linux,2013,Strategy,Valve Corporation  ,Valve  ,,,,,,,
30424,DotMan,DSiW,2011,Action,Agetec  ,SilverStarJapan  ,7.5,,,,,,
30425,Double Bloob,DS,N/A,Puzzle,Unknown  ,Bloober Team  ,,,,,,,
30426,Double Bloob,DSiW,N/A,Puzzle,Unknown  ,Bloober Team  ,,,,,,,
30427,Double Bloob,DSi,2011,Misc,Bloober Team  ,Unknown  ,,,,,,,
30428,Double Bloob,3DS,2011,Misc,Bloober Team  ,Unknown  ,,,,,,,
30429,Double Clutch,GEN,1992,Racing,ASCII Entertainment  ,BGS Development  ,,,,,,,
30430,Double D Dodgeball,XBL,2008,Sports,Yuke's  ,"Yuke's Co., Ltd.  ",,,,,,,
30431,Double Dare,NES,1990,Misc,GameTek  ,Rare Ltd.  ,,,,,,,
30432,Double Dragon,NES,1988,Action,Tradewest  ,Technos Japan Corporation  ,,,,,,,
30433,Double Dragon,GB,1989,Action,Taito  ,Technos Japan Corporation  ,,,,,,,
30434,Double Dragon,GG,1993,Action,Virgin Interactive  ,Virgin Interactive  ,,,,,,,
30435,Double Dragon,GEN,1993,Action,Ballistic  ,Software Creations  ,,,,,,,
30436,Double Dragon,XBL,2007,Action,Empire Interactive  ,Razorworks  ,,,,,,,
30437,Double Dragon,NG,1995,Action,SNK  ,Technos Japan Corporation  ,,,,,,,
30438,Double Dragon,7800,1989,Action,Activision  ,Activision  ,,,,,,,
30439,Double Dragon,Lynx,1993,Action,Telegames  ,"Telegames, Inc.  ",,,,,,,
30440,Double Dragon,MS,1988,Action,Sega  ,Technos Japan Corporation  ,,,,,,,
30441,Double Dragon,VC,2008,Action,Tradewest  ,Technos Japan Corporation  ,,,,,,,
30442,Double Dragon,PS,1996,Action,Urban Plant  ,Technos Japan Corporation  ,,,,,,,
30443,Double Dragon,PC,1988,Action,Arcadia Systems  ,Arcadia Systems  ,,,,,,,
30444,Double Dragon,3DS,2011,Action,Aksys Games  ,Technos Japan Corporation  ,5.5,,,,,,
30445,Double Dragon (CD),NG,1995,Action,Imperial Entertainment  ,Technos Japan Corporation  ,,,,,,,
30446,Double Dragon 3: The Arcade Game,GEN,1992,Action,Flying Edge  ,Software Creations  ,,,,,,,
30447,Double Dragon 3: The Arcade Game,GB,1992,Action,Acclaim Entertainment  ,Sales Curve Interactive  ,,,,,,,
30448,Double Dragon II,GB,1991,Action,Acclaim Entertainment  ,Technos Japan Corporation  ,,,,,,,
30449,Double Dragon II: The Revenge,NES,1990,Action,Acclaim Entertainment  ,Technos Japan Corporation  ,,,,,,,
30450,Double Dragon II: The Revenge,GEN,1991,Action,PalSoft  ,Technos Japan Corporation  ,,,,,,,
30451,Double Dragon II: The Revenge,PC,1989,Action,Virgin Interactive  ,Binary Design  ,,,,,,,
30452,Double Dragon II: The Revenge,3DS,2014,Misc,Aksys Games  ,Unknown  ,,,,,,,
30453,Double Dragon II: The Revenge,WiiU,2014,Action,Aksys Games  ,Technos Japan  ,,,,,,,
30454,Double Dragon III: The Rosetta Stone,PC,1992,Action,Tradewest  ,Interactivision  ,,,,,,,
30455,Double Dragon III: The Sacred Stones,NES,1991,Action,Acclaim Entertainment  ,Technos Japan Corporation  ,,,,,,,
30456,Double Dragon V: The Shadow Falls,SNES,1994,Action,Tradewest  ,Leland Interactive Media  ,,,,,,,
30457,Double Dragon V: The Shadow Falls,GEN,1994,Fighting,Tradewest  ,Leland Interactive Media  ,,,,,,,
30458,Double Dragon V: The Shadow Falls,AJ,1995,Action,Tradewest  ,Leland Interactive Media  ,,,,,,,
30459,Double Dragon: Neon,PS3,N/A,Misc,Unknown  ,Unknown  ,,,,,,,
30460,Double Dragon: Neon,X360,N/A,Misc,Unknown  ,Unknown  ,,,,,,,
30461,Double Dribble,NES,1987,Sports,Konami  ,Konami  ,,,,,,,
30462,Double Dribble,VC,2007,Sports,Konami  ,Konami  ,,,,,,,
30463,Double Dribble: 5 on 5,GB,1991,Sports,Konami  ,Konami  ,,,,,,,
30464,Double Dribble: The Playoff Edition,GEN,1994,Sports,Konami  ,Konami  ,,,,,,,
30465,Double Dungeons,PCE,1989,Role-Playing,NEC  ,NCS/Masaya  ,,,,,,,
30466,Double Dungeons,VC,2007,Role-Playing,Hudson Soft  ,NCS/Masaya  ,3.5,,,,,,
30467,Double Dungeons,PSN,2010,Role-Playing,Hudson Soft  ,NCS/Masaya  ,,,,,,,
30468,Double Dunk,2600,1989,Sports,Atari  ,Atari  ,,,,,,,
30469,Double Fine Adventure (Working Title),And,2014,Misc,Double Fine Productions  ,Unknown  ,,,,,,,
30470,Double Fine Adventure (Working Title),OSX,2014,Misc,Double Fine Productions  ,Unknown  ,,,,,,,
30471,Double Fine Adventure (Working Title),Linux,2014,Misc,Double Fine Productions  ,Unknown  ,,,,,,,
30472,Double Fine Happy Action Theater,XBL,2012,Misc,Microsoft Studios  ,Double Fine Productions  ,,,,,,,
30473,Double Hawk,MS,1990,Shooter,Sega  ,OperaHouse  ,,,,,,,
30474,Double Header: Complete Onside Soccer and Power Slide,3DO,N/A,Misc,Unknown  ,Good Deal Games  ,,,,,,,
30475,Double Mind,PC,2002,Adventure,F&C  ,F&C  ,,,,,,,
30476,Double Pack Tomb Raider: Legend / Anniversary,DS,2012,Misc,Activision  ,Unknown  ,,,,,,,
30477,Double Pack Tomb Raider: Legend / Anniversary,And,2012,Misc,Gameloft  ,Unknown  ,,,,,,,
30478,Double Pack: Joe Montana Football 3 / Double Clutch MD,GEN,1996,Misc,Sega  ,Various  ,,,,,,,
30479,Double Pack: LEGO Indiana Jones: The Original Adventures / Kung Fu Panda,X360,2008,Misc,Activision  ,"Traveller's Tales / Luxoflux, Inc.  ",,,,,,,
30480,Double Rivals Attack Pack!,PSP,2011,Action,Sega  ,Sega  ,,,,,,,
30481,Double S.T.E.A.L. The Second Clash,XB,2005,Racing,Microsoft  ,Bunkasha Games  ,,,,,,,
30482,Double Strike,NES,1990,Shooter,American Video Entertainment  ,sachen  ,,,,,,,
30483,Double Super Hero Pack!,PSP,2011,Action,Sega  ,Sega  ,,,,,,,
30484,Double Switch,SAT,1995,Adventure,Digital Pictures  ,Digital Pictures  ,,,,,,,
30485,Double Switch,SCD,1993,Adventure,Sega  ,Digital Pictures  ,,,,,,,
30486,Double Switch,PC,1995,Adventure,Digital Pictures  ,Digital Pictures  ,,,,,,,
30487,Double Yakuman,GB,1993,Misc,Vap  ,Vap  ,,,,,,,
30488,Double Yakuman II,GB,1993,Misc,Vap  ,Vap  ,,,,,,,
30489,Double Yakuman Jr.,GB,1993,Misc,Vap  ,Vap  ,,,,,,,
30490,Double-Ender: Artillery Duel / Ghost Manor,2600,1983,Action,Xonox  ,Xonox  ,,,,,,,
30491,Double-Ender: Artillery Duel / Super Kung-Fu,2600,1983,Action,Xonox  ,Xonox  ,,,,,,,
30492,Double-Ender: Chuck Norris Superkicks / Ghost Manor,2600,1983,Action,Xonox  ,Xonox  ,,,,,,,
30493,Double-Ender: Chuck Norris Superkicks / Spike's Peak,2600,1983,Action,Xonox  ,Xonox  ,,,,,,,
30494,Double-Ender: Chuck Norris Superkicks/Artillery Duel,2600,1983,Action,Xonox  ,Xonox  ,,,,,,,
30495,Double-Ender: Robin Hood / Sir Lancelot,2600,1983,Action,Xonox  ,Xonox  ,,,,,,,
30496,Double-Ender: Spike's Peak/Artillery Duel,2600,1983,Action,Xonox  ,Xonox  ,,,,,,,
30497,Double-Ender: Spike's Peak/Ghost Manor,2600,1983,Action,Xonox  ,Xonox  ,,,,,,,
30498,Double-Ender: Super Kung-Fu/Robin Hood,2600,1983,Action,Xonox  ,Xonox  ,,,,,,,
30499,Double-Ender: Tomarc the Barbarian / Motocross Racer,2600,1983,Action,Xonox  ,Xonox  ,,,,,,,
30500,DoubleDown Casino - Slots & Video Poker,BRW,2012,Misc,Double Down Interactive  ,Unknown  ,,,,,,,
30501,DoubleDown Casino - Slots & Video Poker,And,2012,Misc,Double Down Interactive  ,Unknown  ,,,,,,,
30502,DoubleVision,XBL,2009,Puzzle,Microsoft  ,Aztec  ,,,,,,,
30503,Doubutsu no Shima no Chobi Gurumi,GBA,2003,Misc,Rocket Science Games  ,Rocket Science Games  ,,,,,,,
30504,Doubutsujima no Chubi Gurumi 2: Tamachan Monogatari,GBA,2004,Action,Rocket Company  ,Rocket Company  ,,,,,,,
30505,Dough Boy,NES,1985,Action,Kemco  ,Kemco  ,,,,,,,
30506,Doukoku Soshite...,SAT,1998,Adventure,Data East  ,Data East Corporation  ,,,,,,,
30507,Doukyuusei,PC,1999,Adventure,Elf  ,Elf  ,,,,,,,
30508,Doukyuusei 2,PCFX,1996,Role-Playing,NEC Avenue  ,Elf  ,,,,,,,
30509,Doushite Kakaite Kurenai no!?,PC,2011,Adventure,Unknown  ,Chococo  ,,,,,,,
30510,Dousoukai 2: Again & Refrain,DC,2002,Adventure,NEC Interchannel   ,Fairy Tale  ,,,,,,,
30511,DoveZ: The Second Wave,PC,2005,Shooter,Xing Entertainment  ,Xing Entertainment  ,,,,,,,
30512,Down the World: Mervil's Ambition,SNES,1994,Role-Playing,ASCII Entertainment  ,ASCII Entertainment  ,,,,,,,
30513,Downforce,GBA,2002,Racing,Titus  ,Karma Studios  ,7.9,,,,,,
30514,Downhill Slalom,PS2,2006,Sports,Phoenix Games  ,Phoenix Games  ,,,,,,,
30515,Downhill Supreme 2,And,2014,Misc,Rockstar Leeds/North  ,Unknown  ,,,,,,,
30516,Download,PCE,1990,Shooter,NEC Avenue  ,Alfa System  ,,,,,,,
30517,Download 2,PCE,1991,Shooter,NEC Avenue  ,Alfa System  ,,,,,,,
30518,Downtown Mafia,And,2014,Misc,DYNAMICNEXT  ,Unknown  ,,,,,,,
30519,Downtown Nekketsu Dodgeball,WW,2011,Sports,Unknown  ,Miracle Kidz  ,,,,,,,
30520,Downtown Nekketsu Koushinkyoku: Dokodemo Daiundoukai,GB,1992,Action,Technos Japan Corporation  ,Technos Japan Corporation  ,,,,,,,
30521,Downtown SMASH Dodgeball!,XBL,2009,Sports,Microsoft  ,Miracle Kidz  ,,,,,,,
30522,Downtown Special: Kunio-Kun no Jidaigeki dayo Zenin Shuugou,GB,1993,Action,Technos Japan Corporation  ,Technos Japan Corporation  ,,,,,,,
30523,Downtown Special: Kunio-Kun no Jidaigeki dayo Zenin Shuugou,3DS,2011,Action,Arc System Works  ,Technos Japan Corporation  ,,,,,,,
30524,Downtown Special: Kunio-kun no Jidaigeki Dayo Zenin Shuugou!,NES,1991,Action,Technos Japan Corporation  ,Technos Japan  ,,,,,,,
30525,Downtown Special: Kunio-kun no Jidaigeki Dayo Zenin Shuugou!,VC,2009,Action,Arc System Works  ,Technos Japan  ,,,,,,,
30526,Downtown Texas Hold'em,DSiW,2010,Misc,Electronic Arts  ,Electronic Arts  ,,,,,,,
30527,Downtown Texas Hold'em,PSN,N/A,Misc,Unknown  ,Electronic Arts  ,,,,,,,
30528,Doxan,PC,2008,Shooter,IncaGold  ,Z-Software  ,,,,,,,
30529,Dr. Chaos,NES,1988,Adventure,FCI  ,Pony Canyon  ,,,,,,,
30530,Dr. Dolittle,PS2,2006,Simulation,Blast! Entertainment Ltd  ,Aqua Pacific  ,,,,,,,
30531,Dr. Driving,And,2013,Misc,The Codemasters Software Company Limited  ,Unknown  ,,,,,,,
30532,Dr. Franken,GB,1992,Platform,Kemco  ,"MotiveTime, Ltd.  ",,,,,,,
30533,Dr. Franken II,GB,1997,Platform,Jaleco  ,"MotiveTime, Ltd.  ",,,,,,,
30534,Dr. Greylord,And,2014,Misc,Unknown  ,Unknown  ,,,,,,,
30535,Dr. Jekyll and Mr. Hyde,NES,1989,Action,Bandai  ,Advance Communication Company  ,,,,,,,
30536,Dr. Luigi,WiiU,2013,Puzzle,Nintendo  ,Nintendo  ,,,,,,,
30537,Dr. Lunatic,PC,2000,Action,Hamumu Software  ,Hamumu Software  ,,,,,,,
30538,Dr. Mario,SNES,1998,Puzzle,Nintendo  ,Nintendo  ,,,,,,,
30539,Dr. Mario 64,iQue,N/A,Puzzle,Unknown  ,Newcome  ,,,,,,,
30540,Dr. Mario Express,DSiW,2009,Puzzle,Nintendo  ,Nintendo  ,,,,,,,
30541,Dr. Mario Online RX,WW,2008,Puzzle,Nintendo  ,Arika  ,,,,,,,
30542,Dr. Mario Online Rx,WW,2008,Puzzle,Nintendo  ,Nintendo  ,,,,,,,
30543,Dr. Mario: Miracle Cure,3DS,2015,Puzzle,Nintendo  ,Nintendo  ,,,,,,,
30544,Dr. Maybee and the Adventures of Scarygirl,PSN,2011,Platform,TikGames   ,TikGames  ,,,,,,,
30545,Dr. Maybee and the Adventures of Scarygirl,DSiW,N/A,Platform,Unknown  ,TikGames  ,,,,,,,
30546,Dr. MiniGames,PSN,2010,Misc,StormBASIC  ,StormBasic Games  ,,,,,,,
30547,Dr. Muto,GBA,2003,Platform,Midway Games  ,Digital Eclipse  ,,,,,,,
30548,Dr. Popper,XBL,2008,Puzzle,Microsoft  ,Bill Reiss  ,,,,,,,
30549,Dr. Robotnik's Mean Bean Machine,GG,1993,Puzzle,Sega  ,Compile  ,,,,,,,
30550,Dr. Robotnik's Mean Bean Machine,GEN,1993,Puzzle,Sega  ,Sega  ,,,,,,,
30551,Dr. Robotnik's Mean Bean Machine,VC,2006,Puzzle,Sega  ,Compile  ,,,,,,,
30552,Dr. Robotnik's Mean Bean Machine,MS,1994,Puzzle,Sega  ,Compile  ,,,,,,,
30553,Dr. Robotnik's Mean Bean Machine,PC,2010,Puzzle,Sega  ,Sega  ,,,,,,,
30554,Dr. Ruth's Computer Game of Good Sex,PC,1986,Misc,Hasbro Interactive  ,Avalon Hill  ,,,,,,,
30555,Dr. Seuss Green Eggs & Ham,PC,N/A,Misc,Unknown  ,The Learning Company  ,,,,,,,
30556,Dr. Seuss Kindergarten,PC,N/A,Misc,Unknown  ,Broderbund  ,,,,,,,
30557,Dr. Seuss Reading Games,PC,N/A,Misc,Unknown  ,Mecca  ,,,,,,,
30558,Dr. Seuss' The Cat in the Hat,GBA,2003,Adventure,VU Games  ,Digital Eclipse  ,3.9,,,,,,
30559,Dr. Seuss' The Cat in the Hat,PC,2003,Adventure,VU Games  ,Digital Eclipse  ,,,,,,,
30560,Dr. Seuss' The Cat in the Hat,PC,N/A,Misc,Unknown  ,Vivendi universal  ,,,,,,,
30561,Dr. Seuss: The Cat in the Hat,PS,2004,Puzzle,NewKidCo  ,DC Studios  ,,,,,,,
30562,Dr. Stop!,PC,1990,Adventure,Alice Soft  ,Alice Soft  ,,,,,,,
30563,Draconian Wars,PC,2014,Strategy,Unknown  ,Unknown  ,,,,,,,
30564,Draconus: Cult of the Wyrm,DC,2000,Adventure,Crave Entertainment  ,Treyarch  ,7.2,,,,,,
30565,Dracula 2: The Last Sanctuary,PS,2012,Misc,DreamCatcher Interactive  ,Unknown  ,,,,,,,
30566,Dracula 2: The Last Sanctuary,And,2012,Misc,Microids  ,Unknown  ,,,,,,,
30567,Dracula 2: The Last Sanctuary,PC,2014,Misc,Meridian4  ,Unknown  ,,,,,,,
30568,Dracula 3: The Path of the Dragon,PC,2008,Adventure,Encore  ,Kheops Studio  ,,,,,,,
30569,Dracula the Undead,Lynx,1991,Action,Atari  ,Atari  ,,,,,,,
30570,Dracula Unleashed,SCD,1993,Adventure,Sega  ,Sega  ,,,,,,,
30571,Dracula: The Last Sanctuary,PC,2001,Adventure,DreamCatcher Interactive  ,Canal+ Multimedia  ,,,,,,,
30572,Dracula: The Last Sanctuary,PS,2002,Adventure,DreamCatcher Interactive  ,Canal+ Multimedia  ,,,,,,,
30573,Dracula: The Resurrection,PC,2000,Adventure,DreamCatcher Interactive  ,Canal+ Multimedia  ,,,,,,,
30574,Dracula: Undead Awakening,DSiW,2010,Action,Chillingo  ,Moregames Entertainment  ,,,,,,,
30575,Dracula: Undead Awakening,WW,2010,Action,Chillingo  ,Moregames Entertainment  ,,,,,,,
30576,Dracula: Undead Awakening,PSN,2010,Action,Chillingo  ,Moregames Entertainment  ,,,,,,,
30577,Drag Racer USA,PS2,2006,Racing,Phoenix Games  ,Phoenix Games  ,,,,,,,
30578,Dragon Age II,PSN,2011,Role-Playing,Electronic Arts  ,BioWare Corp.  ,,,,,,,
30579,Dragon Age II ( BioWare Signature Edition ),PS3,N/A,Role-Playing,Unknown  ,BioWare Corporation  ,,,,,,,
30580,Dragon Age II ( BioWare Signature Edition ),X360,N/A,Role-Playing,Unknown  ,BioWare Corporation  ,,,,,,,
30581,Dragon Age II: Legacy,XBL,2011,Role-Playing,Electronic Arts  ,BioWare  ,5.3,,,,,,
30582,Dragon Age II: Legacy,PSN,2011,Role-Playing,Electronic Arts  ,BioWare  ,,,,,,,
30583,Dragon Age II: Legacy,PC,2011,Role-Playing,Electronic Arts  ,BioWare  ,5.6,,,,,,
30584,Dragon Age II: Mark of the Assassin,XBL,2011,Role-Playing,Electronic Arts  ,BioWare  ,,,,,,,
30585,Dragon Age II: Mark of the Assassin,PC,2011,Role-Playing,Electronic Arts  ,BioWare  ,,,,,,,
30586,Dragon Age II: Mark of the Assassin,PS3,2011,Role-Playing,Electronic Arts  ,BioWare  ,,,,,,,
30587,Dragon Age II: The Black Emporium,PC,2011,Role-Playing,Electronic Arts  ,BioWare Edmonton  ,,,,,,,
30588,Dragon Age II: The Black Emporium,PSN,2011,Role-Playing,Electronic Arts  ,BioWare Edmonton  ,,,,,,,
30589,Dragon Age II: The Black Emporium,XBL,2011,Role-Playing,Electronic Arts  ,BioWare Edmonton  ,,,,,,,
30590,Dragon Age II: The Exiled Prince,PC,2011,Role-Playing,Electronic Arts  ,BioWare Edmonton  ,,,,,,,
30591,Dragon Age II: The Exiled Prince,PSN,2011,Role-Playing,Electronic Arts  ,BioWare Edmonton  ,,,,,,,
30592,Dragon Age II: The Exiled Prince,XBL,2011,Role-Playing,Electronic Arts  ,BioWare Edmonton  ,,,,,,,
30593,Dragon Age Origins: Awakening,PSN,2010,Role-Playing,Electronic Arts  ,BioWare Corp.  ,,,,,,,
30594,Dragon Age Origins: Awakening,XBL,2010,Role-Playing,Electronic Arts  ,BioWare Corp.  ,,,,,,,
30595,Dragon Age Origins: Darkspawn Chronicles,PC,2010,Role-Playing,Electronic Arts  ,BioWare Corp.  ,5.3,,,,,,
30596,Dragon Age Origins: Darkspawn Chronicles,PSN,2010,Role-Playing,Electronic Arts  ,BioWare Corp.  ,5.0,,,,,,
30597,Dragon Age Origins: Darkspawn Chronicles,XBL,2010,Role-Playing,Electronic Arts  ,BioWare Corp.  ,5.3,,,,,,
30598,Dragon Age Origins: Golems of Amgarrak,PC,2010,Role-Playing,Electronic Arts  ,BioWare Corp.  ,,,,,,,
30599,Dragon Age Origins: Golems of Amgarrak,PSN,2010,Role-Playing,Electronic Arts  ,BioWare Corp.  ,,,,,,,
30600,Dragon Age Origins: Golems of Amgarrak,XBL,2010,Role-Playing,Electronic Arts  ,BioWare Corp.  ,,,,,,,
30601,Dragon Age Origins: Leliana's Song,PSN,2010,Role-Playing,Electronic Arts  ,BioWare Corp.  ,7.0,,,,,,
30602,Dragon Age Origins: Leliana's Song,XBL,2010,Role-Playing,Electronic Arts  ,BioWare Corp.  ,7.0,,,,,,
30603,Dragon Age Origins: Leliana's Song,PC,2010,Role-Playing,Electronic Arts  ,BioWare Corp.  ,7.0,,,,,,
30604,Dragon Age Origins: Return to Ostagar,PSN,2010,Role-Playing,Electronic Arts  ,BioWare Corp.  ,,,,,,,
30605,Dragon Age Origins: Return to Ostagar,PC,2010,Role-Playing,Electronic Arts  ,BioWare Corp.  ,6.3,,,,,,
30606,Dragon Age Origins: Return to Ostagar,XBL,2010,Role-Playing,Electronic Arts  ,BioWare Corp.  ,5.8,,,,,,
30607,Dragon Age Origins: The Stone Prisoner,PC,2009,Role-Playing,Electronic Arts  ,BioWare Corp.  ,8.0,,,,,,
30608,Dragon Age Origins: The Stone Prisoner,PSN,2009,Role-Playing,Electronic Arts  ,BioWare Corp.  ,8.0,,,,,,
30609,Dragon Age Origins: The Stone Prisoner,XBL,2009,Role-Playing,Electronic Arts  ,BioWare Corp.  ,8.0,,,,,,
30610,Dragon Age Origins: Warden's Keep,PSN,2009,Role-Playing,Electronic Arts  ,BioWare Corp.  ,,,,,,,
30611,Dragon Age Origins: Warden's Keep,PC,2009,Role-Playing,Electronic Arts  ,BioWare Corp.  ,,,,,,,
30612,Dragon Age Origins: Warden's Keep,XBL,2009,Role-Playing,Electronic Arts  ,BioWare Corp.  ,,,,,,,
30613,Dragon Age Origins: Witch Hunt,PC,2010,Role-Playing,Electronic Arts  ,BioWare Corp.  ,,,,,,,
30614,Dragon Age Origins: Witch Hunt,PSN,2010,Role-Playing,Electronic Arts  ,BioWare Corp.  ,,,,,,,
30615,Dragon Age Origins: Witch Hunt,XBL,2010,Role-Playing,Electronic Arts  ,BioWare Corp.  ,,,,,,,
30616,Dragon Age: Origins,PSN,2011,Role-Playing,Unknown  ,BioWare  ,,,,,,,
30617,Dragon Age: Origins - Ultimate Edition,PS3,2010,Role-Playing,Electronic Arts  ,BioWare Corp.  ,,,,,,,
30618,Dragon Age: Origins - Ultimate Edition,X360,2010,Role-Playing,Electronic Arts  ,BioWare Corp.  ,,,,,,,
30619,Dragon Ball,WS,2003,Role-Playing,Bandai  ,Bandai  ,,,,,,,
30620,Dragon Ball 3: Gokuuden,NES,1989,Role-Playing,Bandai  ,Bandai  ,,,,,,,
30621,Dragon Ball Online,PC,N/A,Role-Playing,Unknown  ,NTL  ,,,,,,,
30622,Dragon Ball Z,GEN,1994,Fighting,Bandai  ,TOSE Software  ,,,,,,,
30623,Dragon Ball Z Gaiden: Saiyajin Zetsumetsu Keikaku,NES,1993,Role-Playing,Bandai  ,Bandai  ,,,,,,,
30624,Dragon Ball Z II: Gekigami Freeza!!,NES,1991,Role-Playing,Bandai  ,Bandai  ,,,,,,,
30625,Dragon Ball Z III: Ressen Jinzou Ningen,NES,1992,Role-Playing,Bandai  ,Bandai  ,,,,,,,
30626,Dragon Ball Z Super Gokuden: Totsugeki-Hen,SNES,1995,Role-Playing,Bandai  ,TOSE  ,,,,,,,
30627,Dragon Ball Z Trilogy,PS2,2008,Action,Atari  ,Atari  ,,,,,,,
30628,Dragon Ball Z: Gekitou Tenkaichi Budokai,NES,1992,Fighting,Bandai  ,Bandai  ,,,,,,,
30629,Dragon Ball Z: Goku Gekitouden,GB,1995,Role-Playing,Bandai  ,Bandai  ,,,,,,,
30630,Dragon Ball Z: Goku Hishouden,GB,1994,Role-Playing,Bandai  ,Bandai  ,,,,,,,
30631,Dragon Ball Z: Kyoushuu! Saiyajin,NES,1990,Role-Playing,Bandai  ,Bandai  ,,,,,,,
30632,Dragon Ball Z: Legendary Super Warriors,GB,2002,Role-Playing,Infogrames  ,Banpresto  ,,,,,,,
30633,Dragon Ball Z: Shin Budokai,PSN,2009,Fighting,Atari  ,Dimps Corporation  ,,,,,,,
30634,Dragon Ball Z: Shin Budokai - Another Road,PSN,2009,Fighting,Atari  ,Dimps Corporation  ,,,,,,,
30635,Dragon Ball Z: Ultimate Battle 22,PS,2003,Fighting,Infogrames  ,Bandai  ,,,,,,,
30636,Dragon Ball: Hunter,And,2014,Misc,Inlogic Software  ,Unknown  ,,,,,,,
30637,Dragon Blaze,PS2,2006,Shooter,505 Games  ,Psikyo  ,,,,,,,
30638,Dragon Buster,VC,2008,Platform,Namco Bandai  ,Namco  ,,,,,,,
30639,Dragon Buster,NES,1987,Platform,Namco  ,Namco  ,,,,,,,
30640,Dragon Buster (Arcade),VC,2009,Platform,Namco Bandai  ,Namco  ,,,,,,,
30641,Dragon Buster II: Yami no Fuuin,NES,1989,Role-Playing,Namco  ,Namco  ,,,,,,,
30642,Dragon City,PC,2012,Misc,Social Point  ,Unknown  ,,,,,,,
30643,Dragon City,PC,2012,Adventure,Social Point  ,Social Point  ,,,,,,,
30644,Dragon City,BRW,2012,Misc,Social Point  ,Unknown  ,,,,,,,
30645,Dragon Coins,And,2014,Misc,Sega  ,Unknown  ,,,,,,,
30646,Dragon Crystal,GG,1990,Role-Playing,Sega  ,Sega  ,,,,,,,
30647,Dragon Crystal,MS,1991,Role-Playing,Sega  ,Sega  ,,,,,,,
30648,Dragon Dance,PSP,2009,Puzzle,Success  ,AlwaysNeat  ,,,,,,,
30649,Dragon Dance,DS,2009,Puzzle,Success  ,AlwaysNeat  ,,,,,,,
30650,Dragon Dance,GB,2000,Puzzle,Crave Entertainment  ,Natsume  ,,,,,,,
30651,Dragon Drive: D-Masters Shot,GC,2003,Shooter,Bandai  ,"Treasure Co., Ltd.  ",,,,,,,
30652,Dragon Drive: Tactics Break,PS,2002,Role-Playing,Bandai  ,Bandai  ,,,,,,,
30653,Dragon Drive: World D Break,GBA,2003,Role-Playing,Banpresto  ,Zero One  ,,,,,,,
30654,Dragon Egg!,PCE,1991,Platform,NCS  ,Tenky  ,,,,,,,
30655,Dragon Fantasy Book I,PSV,2013,Misc,The Muteki Corporation  ,Unknown  ,,,,,,,
30656,Dragon Fantasy Book I,PS3,2013,Misc,The Muteki Corporation  ,Unknown  ,,,,,,,
30657,Dragon Fantasy Book I,And,2012,Misc,The Muteki Corporation  ,Unknown  ,,,,,,,
30658,Dragon Fantasy Book II,PSV,2014,Misc,The Muteki Corporation  ,Unknown  ,,,,,,,
30659,Dragon Fantasy Book II,PS3,2014,Misc,The Muteki Corporation  ,Unknown  ,,,,,,,
30660,Dragon Fighter,NES,1992,Action,Sofel  ,Sofel  ,,,,,,,
30661,Dragon Fighting Mission RPG,And,2014,Role-Playing,Unknown  ,Unknown  ,,,,,,,
30662,Dragon Hunters,DS,2008,Action,Playlogic Game Factory  ,Engine Software  ,,,,,,,
30663,Dragon Knight & Graffiti,PCE,1995,Role-Playing,NEC Avenue  ,Elf  ,,,,,,,
30664,Dragon Knight 4,PCFX,1997,Role-Playing,NEC Avenue  ,NEC Avenue  ,,,,,,,
30665,Dragon Knight 4,PS,1997,Role-Playing,Banpresto  ,Elf  ,,,,,,,
30666,Dragon Knight 4,PC,2007,Role-Playing,Elf  ,Elf  ,,,,,,,
30667,Dragon Knight II,PCE,1992,Role-Playing,NEC Avenue  ,TamTam  ,,,,,,,
30668,Dragon Knight III,PCE,1994,Role-Playing,NEC Interchannel   ,Elf  ,,,,,,,
30669,Dragon Lore,3DO,1994,Role-Playing,Mindscape  ,Cryo Interactive  ,,,,,,,
30670,Dragon Lore,PC,1994,Adventure,Mindscape  ,Mindscape  ,,,,,,,
30671,Dragon Lore II: The Heart of the Dragon Man,PC,1997,Role-Playing,Interplay  ,Cryo Interactive Entertainment  ,,,,,,,
30672,Dragon Mania,And,2013,Misc,Gameloft  ,Unknown  ,,,,,,,
30673,Dragon Master Silk,SAT,1997,Role-Playing,Datam Polystar  ,Datam Polystar  ,,,,,,,
30674,Dragon Master Spell Caster,WW,2009,Action,Stickmen Studios  ,Stickmen Studios  ,,,,,,,
30675,Dragon Money,PS,1999,Puzzle,Micro Cabin  ,E.O. Imagination  ,,,,,,,
30676,Dragon Money,PSN,2010,Puzzle,Sony Computer Entertainment  ,E.O. Imagination  ,,,,,,,
30677,Dragon Nest,PC,2011,Role-Playing,Nexon America  ,Eyedentity Games  ,8.5,,,,,,
30678,Dragon no Tiara,PC,1998,Adventure,Pinky Soft  ,Pinky Soft  ,,,,,,,
30679,Dragon Power,NES,1988,Action,Bandai  ,TOSE Software  ,,,,,,,
30680,Dragon Quest Characters: Torneko no Daibouken 2 Advance,GBA,2001,Role-Playing,Enix  ,ChunSoft  ,,,,,,,
30681,Dragon Quest Characters: Torneko no Daibouken 3 Advance,GBA,2004,Role-Playing,Square Enix  ,ChunSoft  ,,,,,,,
30682,Dragon Quest Heroes: The World's Tree Woe and the Blight Below,PC,2015,Action,Square Enix  ,Square Enix  ,,,,,,,
30683,Dragon Quest Monsters: Battle Road Victory - Senyou Color Code Scanner,DSiW,2010,Misc,Square Enix  ,Armor Project/Bird Studio  ,,,,,,,
30684,Dragon Quest Wars,DSiW,2009,Strategy,Square Enix  ,Intelligent Systems  ,8.5,,,,,,
30685,Dragon Quest X,And,2013,Role-Playing,Square Enix  ,Square Enix  ,,,,,,,
30686,Dragon Quest X,PC,2013,MMO,Square Enix  ,Square Enix  ,,,,,,,
30687,Dragon Quest X: Inishie no Ryuu no Denshou Online,WiiU,2015,MMO,Square Enix  ,Square Enix  ,,,,,,,
30688,Dragon Quest XI: Echoes of an Elusive Age S - Definitive Edition,NS,2019,Role-Playing,Square Enix  ,Square Enix  ,,,,,,,
30689,Dragon Realms,PC,1995,Role-Playing,Unknown  ,Simutronics  ,,,,,,,
30690,Dragon Realms,And,2013,Misc,GREE  ,Unknown  ,,,,,,,
30691,Dragon Saber,PCE,1991,Shooter,Namco  ,Now Production  ,,,,,,,
30692,Dragon Saber,VC,2008,Shooter,Namco Bandai  ,Now Production  ,,,,,,,
30693,Dragon Saber (Arcade),VC,2009,Shooter,Namco Bandai  ,Namco  ,,,,,,,
30694,Dragon Saga,PC,2009,Role-Playing,Gravity Corporation  ,Barunson Interactive  ,,,,,,,
30695,Dragon Saga New Origins: Into the Darkness,PC,2011,Role-Playing,Gravity Corporation  ,Gravity Interactive  ,,,,,,,
30696,Dragon Scroll: Yomigaerishi Maryuu,NES,1987,Role-Playing,Konami  ,Konami  ,,,,,,,
30697,Dragon Sisters,PS2,2007,Action,Essential Games  ,Tamsoft  ,,,,,,,
30698,Dragon Slayer Gaiden,GB,1992,Role-Playing,Falcom Corporation  ,Nihon Falcom Corporation  ,,,,,,,
30699,Dragon Slayer I,GB,1990,Role-Playing,Falcom Corporation  ,Nihon Falcom Corporation  ,,,,,,,
30700,Dragon Slayer: Eiyuu Densetsu,VC,2009,Role-Playing,Sega  ,Sega Falcom  ,,,,,,,
30701,Dragon Slayer: Eiyuu Densetsu II,GEN,1995,Role-Playing,Sega  ,Sega  ,,,,,,,
30702,Dragon Slayer: Eiyuu Densetsu II,VC,2009,Role-Playing,Sega  ,Sega  ,,,,,,,
30703,Dragon Slayer: Eiyuu Densetsu II,SNES,1993,Role-Playing,Epoch  ,Nihon Falcom Corporation  ,,,,,,,
30704,Dragon Slayer: Eiyuu Densetsu II,PCE,1992,Role-Playing,Hudson Soft  ,Alfa System  ,,,,,,,
30705,Dragon Slayer: The Legend of Heroes,PCE,1991,Role-Playing,Hudson Soft  ,Nihon Falcom Corporation  ,,,,,,,
30706,Dragon Slayer: The Legend of Heroes,VC,2007,Role-Playing,Falcom Corporation  ,Nihon Falcom Corporation  ,,,,,,,
30707,Dragon Spirit,PCE,1989,Shooter,NEC  ,Namco  ,,,,,,,
30708,Dragon Spirit,VC,2007,Shooter,Namco Bandai  ,Namco  ,,,,,,,
30709,Dragon Spirit (Arcade),VC,2009,Shooter,Namco Bandai  ,Namco  ,,,,,,,
30710,Dragon Spirit: The New Legend,NES,1990,Shooter,Bandai  ,Namco  ,,,,,,,
30711,Dragon Story,And,2012,Misc,TeamLava  ,Unknown  ,,,,,,,
30712,Dragon Tales: Dragon Adventures,GB,2001,Platform,NewKidCo  ,Handheld Games  ,,,,,,,
30713,Dragon Throne: Battle of Red Cliffs,PC,2002,Strategy,Strategy First  ,Object Software  ,,,,,,,
30714,Dragon Tycoon Edge,3DO,1995,Strategy,Sara International  ,Sara International  ,,,,,,,
30715,Dragon View,SNES,1994,Role-Playing,Kemco  ,Atari Europe S.A.S.U.  ,,,,,,,
30716,Dragon Wars,PC,1989,Role-Playing,Interplay  ,Interplay Entertainment Corp.  ,,,,,,,
30717,Dragon's Curse,PCE,1991,Platform,NEC  ,Hudson Soft  ,,,,,,,
30718,Dragon's Curse,VC,2007,Platform,Hudson Soft  ,Hudson Soft  ,7.5,,,,,,
30719,Dragon's Dogma Online,PC,2015,Role-Playing,Capcom  ,Capcom  ,,,,,,,
30720,Dragon's Dogma Quest,PSV,2013,Role-Playing,Capcom  ,Capcom  ,,,,,,,
30721,Dragon's Earth,SNES,1993,Strategy,Human Entertainment  ,Human Entertainment  ,,,,,,,
30722,Dragon's Fury,GEN,1992,Misc,Tengen  ,"TechnoSoft Co., Ltd.  ",,,,,,,
30723,Dragon's Hoard,PSN,N/A,Adventure,Unknown  ,Artech Studios  ,,,,,,,
30724,Dragon's Hoard,XBL,N/A,Adventure,Unknown  ,Artech Studios  ,,,,,,,
30725,Dragon's Lair,SNES,1993,Platform,Data Age  ,Konami  ,,,,,,,
30726,Dragon's Lair,3DO,1994,Platform,ReadySoft  ,ReadySoft  ,,,,,,,
30727,Dragon's Lair,NES,1990,Platform,Sony Imagesoft  ,Imagesoft  ,,,,,,,
30728,Dragon's Lair,AJ,1995,Platform,ReadySoft  ,ReadySoft  ,,,,,,,
30729,Dragon's Lair,SCD,1994,Platform,ReadySoft  ,ReadySoft  ,,,,,,,
30730,Dragon's Lair,DSiW,2009,Platform,Digital Leisure Inc.  ,Digital Leisure Inc.  ,,,,,,,
30731,Dragon's Lair,PSN,2010,Adventure,Digital Leisure Inc.  ,Digital Leisure Inc.  ,,,,,,,
30732,Dragon's Lair (PSP),PSN,2011,Adventure,Digital Leisure Inc.  ,United Coders  ,,,,,,,
30733,Dragon's Lair 3D: Return to the Lair,PC,2002,Platform,Ubisoft  ,Dragonstone Software  ,,,,,,,
30734,Dragon's Lair 3D: Return to the Lair,PS2,N/A,Platform,Unknown  ,Dragonstone Software  ,,,,,,,
30735,Dragon's Lair II: Time Warp,DSiW,2010,Platform,Digital Leisure Inc.  ,Digital Leisure Inc.  ,,,,,,,
30736,Dragon's Lair II: Time Warp,PSN,2011,Platform,Digital Leisure Inc.  ,Digital Leisure Inc.  ,,,,,,,
30737,Dragon's Lair: The Legend,GB,1991,Platform,Ubisoft  ,"MotiveTime, Ltd.  ",,,,,,,
30738,Dragon's Prophet,PC,2018,MMO,Sony Online Entertainment  ,Runewalker Entertainment Ltd.  ,,,,,,,
30739,Dragon's Revenge,GEN,1993,Misc,Tengen  ,Tengen  ,,,,,,,
30740,Dragon's Rock,GBA,N/A,Platform,Unknown  ,Independent Arts  ,,,,,,,
30741,Dragon: The Bruce Lee Story,SNES,1995,Fighting,Acclaim Entertainment  ,Virgin Interactive  ,,,,,,,
30742,Dragon: The Bruce Lee Story,GG,1993,Platform,Acclaim Entertainment  ,Virgin Interactive  ,,,,,,,
30743,Dragon: The Bruce Lee Story,GEN,1994,Fighting,Acclaim Entertainment  ,Virgin Interactive  ,,,,,,,
30744,Dragon: The Bruce Lee Story,AJ,1994,Fighting,Atari  ,Virgin Interactive  ,,,,,,,
30745,Dragon: The Bruce Lee Story,MS,1995,Platform,Virgin Interactive  ,Virgin Interactive  ,,,,,,,
30746,Dragoneer's Aria,PSN,2009,Role-Playing,NIS America  ,Hit Maker  ,5.2,,,,,,
30747,DragonHeart: Fire & Steel,SAT,1996,Action,Acclaim Entertainment  ,Funcom  ,,,,,,,
30748,DragonHeart: Fire & Steel,GB,1996,Action,Acclaim Entertainment  ,Torus Games  ,,,,,,,
30749,DragonHeart: Fire & Steel,PC,1996,Action,Acclaim Entertainment  ,Funcom  ,,,,,,,
30750,Dragonology,Wii,N/A,Action,Unknown  ,NiK NaK  ,,,,,,,
30751,Dragonology,DS,2009,Action,Codemasters  ,NiK NaK  ,,,,,,,
30752,Dragonology,PC,1970,Action,Unknown  ,NiK NaK  ,,,,,,,
30753,Dragons & Titans,OSX,2020,Misc,"Thunderstorm Entertainment Inc.,  ",Unknown  ,,,,,,,
30754,Dragons & Titans,PC,2020,Misc,"Thunderstorm Entertainment Inc.,  ",Unknown  ,,,,,,,
30755,Dragons & Titans,BRW,2013,Misc,"Thunderstorm Entertainment Inc.,  ",Unknown  ,,,,,,,
30756,Dragons of Atlantis: Heirs of the Dragon,And,2013,Misc,Kabam  ,Unknown  ,,,,,,,
30757,Dragons World,And,2013,Misc,Social Quantum  ,Unknown  ,,,,,,,
30758,Dragonshard,PC,2005,Strategy,Atari  ,Liquid Entertainment  ,,,,,,,
30759,Dragonsphere,PC,1994,Adventure,Microprose  ,MicroProse  ,,,,,,,
30760,Dragonstomper,2600,1982,Role-Playing,Unknown  ,Starpath Corp.  ,,,,,,,
30761,dragonvale,And,2011,Misc,Backflip Studios  ,Unknown  ,,,,,,,
30762,Dragoon,XBL,2010,Fighting,Microsoft  ,XELF  ,,,,,,,
30763,Dragoon: The Battles of Frederick the Great,PC,1998,Strategy,Art of War   ,Boku Strategy Games  ,,,,,,,
30764,Dragoon: The Prussian War Machine,PC,2004,Strategy,Shrapnel Games  ,Boku Strategy Games  ,,,,,,,
30765,Drakan: Order of the Flame,PC,1999,Action,Psygnosis  ,Surreal Software  ,,,,,,,
30766,Drake & Josh,GBA,2007,Adventure,THQ  ,Artificial Mind and Movement  ,,,,,,,
30767,Drake of the 99 Dragons,PC,2003,Shooter,Majesco  ,Idol FX  ,,,,,,,
30768,Drakensang: Phileasson's Secret,PC,2011,Role-Playing,ValuSoft  ,Radon Labs GmbH  ,,,,,,,
30769,Drakensang: The River of Time,PC,2011,Role-Playing,ValuSoft  ,Radon Labs GmbH  ,,,,,,,
30770,DRAKERZ-Confrontation,PC,2014,Misc,Unknown  ,Unknown  ,,,,,,,
30771,Drakkhen,SNES,1991,Role-Playing,Kemco  ,Kemco-Seika  ,,,,,,,
30772,Drakkhen,PC,1990,Role-Playing,Infogrames  ,Draconian  ,,,,,,,
30773,Draw,XBL,2009,Misc,Microsoft  ,Unknown  ,,,,,,,
30774,Draw Slasher: Prologue,PSV,2013,Misc,Mass Creation Sp. z o. o.  ,Unknown  ,,,,,,,
30775,Draw Something,And,2012,Misc,OMGPOP  ,Unknown  ,,,,,,,
30776,Draw Something,WinP,2012,Misc,Zynga  ,Unknown  ,,,,,,,
30777,Drawn to Death,PS4,2017,Shooter,Sony Interactive Entertainment  ,The Bartlet Jones Supernatural Detective Agency  ,,,,,,,
30778,Dreadnought,PC,N/A,Misc,Unknown  ,Yager Development  ,,,,,,,
30779,Dream Audition,PS2,2000,Misc,Jaleco  ,Jaleco Entertainment  ,,,,,,,
30780,Dream Audition 2,PS2,2000,Misc,Jaleco  ,Jaleco Entertainment  ,,,,,,,
30781,Dream Audition 3,PS2,2001,Misc,Jaleco  ,Jaleco Entertainment  ,,,,,,,
30782,Dream Audition Super Hit Disc 1,PS2,2001,Misc,Jaleco  ,Jaleco Entertainment  ,,,,,,,
30783,Dream Audition Super Hit Disc 2,PS2,2001,Misc,Jaleco  ,Jaleco Entertainment  ,,,,,,,
30784,Dream Chronicles,PSN,2010,Adventure,Hudson Soft  ,Hudson Soft  ,,,,,,,
30785,Dream Chronicles,XBL,2010,Adventure,Hudson Soft  ,Hudson Soft  ,,,,,,,
30786,Dream Chronicles,PC,2007,Adventure,PlayFirst  ,KatGames  ,,,,,,,
30787,Dream Chronicles 2: The Eternal Maze,PC,2008,Adventure,PlayFirst  ,KatGames  ,,,,,,,
30788,Dream Chronicles: The Chosen Child,PC,2009,Adventure,PlayFirst  ,KatGames  ,,,,,,,
30789,Dream Club Zero,PSV,2011,Simulation,D3 Publisher  ,D3  ,,,,,,,
30790,Dream League Soccer,And,2013,Misc,First Touch  ,Unknown  ,,,,,,,
30791,Dream Management,GBA,2003,Fighting,Game Village  ,Game Village  ,,,,,,,
30792,Dream Master,NES,1992,Role-Playing,Namco  ,Birthday  ,,,,,,,
30793,Dream Passport,DC,1998,Misc,Sega  ,Sega  ,,,,,,,
30794,Dream Studio,DC,2000,Adventure,Sega  ,Imagination Science  ,,,,,,,
30795,DreamCast Generator Vol.2,DC,2000,Misc,Sega  ,Sega  ,,,,,,,
30796,Dreamfall: The Longest Journey,XBL,2008,Adventure,Aspyr  ,Funcom  ,,,,,,,
30797,DreamFlyer,DC,1999,Misc,Sega  ,Sega  ,,,,,,,
30798,Dreamkiller,PC,2009,Shooter,Aspyr  ,Mindware Studios  ,4.6,,,,,,
30799,Dreamkiller,X360,N/A,Shooter,Unknown  ,Mindware Studios  ,,,,,,,
30800,Dreamlords,PC,2007,Strategy,Unknown  ,Lockpick Entertainment  ,,,,,,,
30801,Dreamlords - The Reawakening,PC,2008,Strategy,Unknown  ,Lockpick Entertainment  ,,,,,,,
30802,Dreamlords: Resurrection,PC,2011,Strategy,Paradox Interactive   ,Lockpick Entertainment  ,,,,,,,
30803,DreamMix TV: World Fighters,PS2,2003,Fighting,Hudson Soft  ,Hudson Soft  ,,,,,,,
30804,DreamMix TV: World Fighters,GC,2003,Fighting,Hudson Soft  ,Hudson Soft  ,,,,,,,
30805,DreamOn Volume 1,DC,1999,Misc,Sega  ,Sega  ,,,,,,,
30806,DreamOn Volume 2,DC,2000,Misc,Sega  ,Sega  ,,,,,,,
30807,Dreams of Witchtown,XBL,2010,Role-Playing,Microsoft  ,Dip Slit  ,,,,,,,
30808,Dreams to Reality,PC,1997,Action,Cryo Interactive  ,Cryo Interactive Entertainment  ,,,,,,,
30809,Dreamwalker,DSiW,2011,Puzzle,Unknown  ,Code Mystics  ,,,,,,,
30810,Dress To Play: Cute Witches!,3DS,2012,Misc,EnjoyUp Games  ,Unknown  ,,,,,,,
30811,Drift,XBL,2008,Misc,Microsoft  ,Polychrome  ,,,,,,,
30812,Drift Street International,DSiW,2010,Racing,Tantalus Interactive  ,Tantalus Interactive  ,,,,,,,
30813,Drifter: A Space Trading Game,PC,2014,Simulation,Celsius Game Studios  ,Celsius Game Studios  ,,,,,,,
30814,Drifter: A Space Trading Game,OSX,2014,Simulation,Celsius Game Studios  ,Celsius Game Studios  ,,,,,,,
30815,Drifter: A Space Trading Game,PS4,2020,Simulation,Celsius Game Studios  ,Celsius Game Studios  ,,,,,,,
30816,Drifter: A Space Trading Game,PSV,2020,Simulation,Celsius Game Studios  ,Celsius Game Studios  ,,,,,,,
30817,Drifter: A Space Trading Game,Linux,2014,Simulation,Celsius Game Studios  ,Celsius Game Studios  ,,,,,,,
30818,DRiiFT Mania,WW,2009,Racing,Konami  ,Konami  ,,,,,,,
30819,Drill Sergeant Mindstrong,WW,2009,Puzzle,Xseed Games  ,Hi Corporation  ,,,,,,,
30820,Drinkards,XBL,2009,Misc,Microsoft  ,The Unallied  ,,,,,,,
30821,Drive a Steam Train,PC,2011,Simulation,RailSimulator.com  ,RailSimulator.com  ,,,,,,,
30822,Drive to Survive,PS2,2006,Action,VU Games  ,Supersonic  ,,,,,,,
30823,Driver,PSN,2008,Action,Ubisoft  ,Reflections Interactive  ,8.8,,,,,,
30824,Driver,GB,2000,Action,Infogrames  ,Crawfish Interactive  ,,,,,,,
30825,Driver '76,PSN,2009,Racing,Ubisoft  ,Sumo Digital  ,5.5,,,,,,
30826,DROD RPG: Tendry's Tale,PC,2008,Puzzle,Caravel Games  ,Caravel Games  ,,,,,,,
30827,DROD: Deadly Rooms of Death,PC,1997,Puzzle,Webfoot Technologies  ,Caravel Games  ,,,,,,,
30828,DROD: Journey to Rooted Hold,PC,2005,Puzzle,Caravel Games  ,Caravel Games  ,,,,,,,
30829,DROD: King Dugan's Dungeon,PC,2005,Puzzle,Caravel Games  ,Caravel Games  ,,,,,,,
30830,DROD: The City Beneath,PC,2007,Puzzle,Caravel Games  ,Caravel Games  ,,,,,,,
30831,DROD: The Second Sky,PC,2014,Puzzle,Caravel Games  ,Caravel Games  ,,,,,,,
30832,DROD: The Second Sky,Linux,2014,Puzzle,Caravel Games  ,Caravel Games  ,,,,,,,
30833,DROD: The Second Sky,OSX,2014,Puzzle,Caravel Games  ,Caravel Games  ,,,,,,,
30834,Droid Assault,PC,2008,Action,Puppy Games  ,Puppygames  ,,,,,,,
30835,Drome Racers,XB,2003,Racing,Electronic Arts  ,Attention To Detail  ,,,,,,,
30836,Drome Racers,PC,2002,Racing,Electronic Arts  ,Attention To Detail  ,,,,,,,
30837,Dromedary,XBL,2009,Action,Microsoft  ,Reginald Shoe  ,,,,,,,
30838,Droopy's Tennis Open,GBA,2002,Sports,Swing! Entertainment  ,Bit Managers  ,,,,,,,
30839,Drop Off,PCE,1990,Puzzle,NEC  ,Data East  ,,,,,,,
30840,Drop Off,VC,2007,Puzzle,Hudson Soft  ,Data East  ,,,,,,,
30841,Drop Zone,XBL,2009,Action,Microsoft  ,North West  ,,,,,,,
30842,Drop Zone: Under Fire,Wii,2012,Misc,SelectSoft  ,Unknown  ,,,,,,,
30843,Droplitz,PSN,2009,Puzzle,Atlus  ,Blitz Arcade  ,7.8,,,,,,
30844,Droplitz,PC,2009,Puzzle,Atlus  ,Blitz Arcade  ,,,,,,,
30845,Droplitz,XBL,2009,Puzzle,Atlus  ,Blitz Arcade  ,5.0,,,,,,
30846,Dropzone,GB,1992,Shooter,Mindscape  ,Eurocom Entertainment Software  ,,,,,,,
30847,Dropzone,GG,1994,Shooter,Codemasters  ,Codemasters  ,,,,,,,
30848,Dropzone,NES,1992,Shooter,Mindscape  ,Eurocom Entertainment Software  ,,,,,,,
30849,Dropzone (GBC),GB,1999,Shooter,Acclaim Entertainment  ,Awesome Entertainment  ,,,,,,,
30850,Drox Operative,PC,2012,Misc,Soldak Entertainment  ,Unknown  ,,,,,,,
30851,Drox Operative,OSX,2012,Misc,Soldak Entertainment  ,Unknown  ,,,,,,,
30852,Drox Operative,Linux,2012,Misc,Soldak Entertainment  ,Unknown  ,,,,,,,
30853,Druaga no Tou: The Recovery of Babylim,PC,2009,Role-Playing,E-Frontier  ,Q Entertainment  ,,,,,,,
30854,Drug Wars,3DO,1994,Shooter,American Laser Games  ,"American Laser Games, Inc.  ",,,,,,,
30855,Drum XPlosion,XBL,2009,Misc,Microsoft  ,Super Id  ,,,,,,,
30856,DrumKit,XBL,2009,Misc,Microsoft  ,Big Daddio  ,,,,,,,
30857,Drums Challenge,PSN,2011,Misc,Sanuk Games  ,Sanuk Games  ,,,,,,,
30858,Drumskulls,XBL,N/A,Shooter,Unknown  ,Drumskull Games Inc  ,,,,,,,
30859,DS Calorie Navi,DS,2007,Misc,IE Institute  ,IE Institute  ,,,,,,,
30860,DS de Yomu Series: Tezuka Osamu Hi no Tori 1,DS,2008,Misc,Compile Heart  ,Compile Heart  ,,,,,,,
30861,DS de Yomu Series: Tezuka Osamu Hi no Tori 2,DS,2008,Misc,Compile Heart  ,Compile Heart  ,,,,,,,
30862,DS de Yomu Series: Tezuka Osamu Hi no Tori 3,DS,2008,Misc,Compile Heart  ,Compile Heart  ,,,,,,,
30863,DS Dengeki Bunko: Alison,DS,2006,Puzzle,Media Works  ,Media Works  ,,,,,,,
30864,DS Dengeki Bunko: Inukami! feat. Animation,DS,2006,Adventure,Media Works  ,Media Works  ,,,,,,,
30865,"DS Dengeki Bunko: Iria no Sora, UFO no Natsu",DS,2007,Adventure,Media Works  ,Media Works  ,,,,,,,
30866,"DS Dengeki Bunko: Iria no Sora, UFO no Natsu I-II",DS,2007,Adventure,Media Works  ,Media Works  ,,,,,,,
30867,"DS Dengeki Bunko: Iria no Sora, UFO no Natsu II",DS,2007,Adventure,Media Works  ,Media Works  ,,,,,,,
30868,DS Kageyama Method: Dennou Hanpuku - Chiri - Rekishi - Koumin - Maru x Maru Shakaika,DS,2010,Misc,Shogakukan  ,Jupiter Corporation  ,,,,,,,
30869,DS Kageyama Method: Tadashii Kanji Kakitori-Kun - Kondo wa KanKen Taisaku Dayo!,DS,2007,Misc,Shogakukan  ,Jupiter Corporation  ,,,,,,,
30870,DS Kokoro Nurie,DSiW,2010,Misc,Nintendo  ,Cattle Call  ,,,,,,,
30871,DS Motte Tabi ni Deyo: Kyoto,DS,2008,Misc,JTB West  ,JTB West  ,,,,,,,
30872,DS Pico Series: Sanrio no Party Heikou! Oryouri - Oshiyare - Okaimono,DS,2008,Misc,Idea Factory  ,Compile Heart  ,,,,,,,
30873,DS Puzzler: Numpla Fan & Oekaki Logic,DS,2006,Puzzle,TDK Core  ,TDK Core  ,,,,,,,
30874,DS Puzzler: Numpla Fan & Oekaki Logic Wi-Fi Taiou,DS,2007,Puzzle,TDK Core  ,TDK Core  ,,,,,,,
30875,DS Toukemuri Suspense Series: Free Writer Touyako,DS,2008,Adventure,Zenrin  ,Zenrin  ,,,,,,,
30876,DS-Pico Series: Sanrio Puro Land - Waku Waku Okaimono - Suteki na Oheya Otsukuri Masho!,DS,2010,Action,Compile Heart  ,Compile Heart  ,,,,,,,
30877,DS:Style Series: Anata Dake no Private Lesson - DS de Hajimeru - Tipness no Yoga,DS,2007,Sports,Square Enix  ,Square Enix  ,,,,,,,
30878,DS:Style Series: Anata mo DS de Classic Kiite Mimasenka?,DS,2007,Misc,Square Enix  ,iNiS  ,,,,,,,
30879,DS:Style Series: Chikyuu no Arukikata DS - France-Hen,DS,2007,Misc,Square Enix  ,Will  ,,,,,,,
30880,DS:Style Series: Chikyuu no Arukikata DS - Hawaii-Hen,DS,2007,Misc,Square Enix  ,Will  ,,,,,,,
30881,DS:Style Series: Chikyuu no Arukikata DS - Hong Kong-Hen,DS,2007,Misc,Square Enix  ,Will  ,,,,,,,
30882,DS:Style Series: Chikyuu no Arukikata DS - Igirisu-Hen,DS,2007,Misc,Square Enix  ,Will  ,,,,,,,
30883,DS:Style Series: Chikyuu no Arukikata DS - Italia-Hen,DS,2007,Misc,Square Enix  ,Will  ,,,,,,,
30884,DS:Style Series: Chikyuu no Arukikata DS - New York-Hen,DS,2007,Misc,Square Enix  ,Will  ,,,,,,,
30885,DS:Style Series: Chikyuu no Arukikata DS - Seoul - Busan-Hen,DS,2007,Misc,Square Enix  ,Will  ,,,,,,,
30886,DS:Style Series: Chikyuu no Arukikata DS - Shanghai-Hen,DS,2007,Misc,Square Enix  ,Will  ,,,,,,,
30887,DS:Style Series: Chikyuu no Arukikata DS - Taiwan-Hen,DS,2007,Misc,Square Enix  ,Will  ,,,,,,,
30888,DS:Style Series: Chikyuu no Arukikata DS - Thai-Hen,DS,2007,Misc,Square Enix  ,Will  ,,,,,,,
30889,DS:Style Series: Hana Saku DS Gardening Life,DS,2007,Misc,Square Enix  ,Elements  ,,,,,,,
30890,DT Carnage,PS2,2008,Racing,Agetec  ,Axis Entertainment  ,,,,,,,
30891,Duael Invaders,PSN,2011,Shooter,Laughing Jackal  ,Laughing Jackal  ,,,,,,,
30892,Dual Orb,SNES,1993,Role-Playing,I'Max  ,I'Max  ,,,,,,,
30893,Dual Orb II,SNES,1994,Role-Playing,I'Max  ,I'Max  ,,,,,,,
30894,Dual Pack: Syphon Filter Logan's Shadow / Killzone Liberation,PSP,2011,Misc,Sony Computer Entertainment  ,Various  ,,,,,,,
30895,Dual Zone,XBL,2009,Action,Microsoft  ,Ninja Fever  ,,,,,,,
30896,Dubbers Adventure,Wii,N/A,Platform,Unknown  ,Newrosoft  ,,,,,,,
30897,DUBWARS,And,2014,Misc,Mura Interactive  ,Unknown  ,,,,,,,
30898,DUBWARS,Ouya,2014,Misc,Mura Interactive  ,Unknown  ,,,,,,,
30899,DUBWARS,Linux,2014,Misc,Mura Interactive  ,Unknown  ,,,,,,,
30900,DUBWARS,OSX,2014,Misc,Mura Interactive  ,Unknown  ,,,,,,,
30901,DUBWARS,PC,2014,Misc,Mura Interactive  ,Unknown  ,,,,,,,
30902,Ducati Challenge,And,2011,Misc,Digital Tales  ,Unknown  ,,,,,,,
30903,Ducati World Championship,PC,N/A,Racing,Unknown  ,Artematica Entertainment  ,3.0,,,,,,
30904,Ducati World Racing Challenge,DC,2001,Racing,Acclaim Entertainment  ,Attention To Detail  ,2.4,,,,,,
30905,Ducati World Racing Challenge,PC,2001,Racing,Acclaim Entertainment  ,Attention To Detail  ,,,,,,,
30906,Ducati World Racing Challenge,DC,2001,Racing,Acclaim Entertainment  ,Attention To Detail  ,,,,,,,
30907,Duck Dynasty: Battle of the Beards,And,2013,Misc,A&E Television Networks Mobile  ,Unknown  ,,,,,,,
30908,Duck Tail,And,2014,Misc,GottaPlay Ltd  ,Unknown  ,,,,,,,
30909,Duckinator,XBL,2011,Misc,Microsoft  ,MuleTrain Industries  ,,,,,,,
30910,DuckTales: Scrooges Loot,And,2013,Misc,Oddworld Inhabitans  ,Unknown  ,,,,,,,
30911,DuckTales: The Quest for Gold,PC,1990,Action,Disney Interactive Studios  ,Incredible Technologies  ,,,,,,,
30912,Ducky Doodle 3D,And,2014,Misc,Yamago  ,Unknown  ,,,,,,,
30913,Dudebro: My Shit is Fucked Up So I Got to Shoot/Slice You II - It's Straight-Up Dawg Time,PC,N/A,Shooter,Unknown  ,Members of NeoGAF  ,,,,,,,
30914,Dudes with Attitude,NES,1990,Action,American Video Entertainment  ,American Video Entertaiment  ,,,,,,,
30915,Duel Masters 2: Kirifuda Shoubu Version,GBA,2004,Adventure,Takara  ,Takara  ,,,,,,,
30916,Duel Masters Nettou! Battle Arena,GC,2003,Strategy,Takara  ,Takara  ,,,,,,,
30917,Duel Savior,PC,2004,Role-Playing,Giga  ,Giga  ,,,,,,,
30918,Duel Savior Destiny,PS2,2005,Role-Playing,Alchemist  ,Giga  ,,,,,,,
30919,Duel Savior Justice,PC,2005,Role-Playing,Giga  ,Giga  ,,,,,,,
30920,Duel: The Art of Combat,XBL,2009,Shooter,Microsoft  ,AwesomeGamesStudio  ,,,,,,,
30921,Duke - Caribbean: Life's a Beach,PC,1997,Shooter,WizardWorks  ,Sunstorm Interactive  ,,,,,,,
30922,Duke Assault,PC,N/A,Shooter,Unknown  ,WizardWorks  ,,,,,,,
30923,Duke Nuclear Winter,PC,1997,Shooter,WizardWorks  ,Simply Silly Software  ,,,,,,,
30924,Duke Nukem,GB,1999,Platform,GT Interactive  ,Torus Games  ,,,,,,,
30925,Duke Nukem,PC,1991,Shooter,Apogee  ,3D Realms  ,,,,,,,
30926,Duke Nukem 3D,PC,1996,Shooter,GT Interactive  ,3D Realms  ,,,,,,,
30927,Duke Nukem 3D,SAT,1997,Shooter,Sega  ,Lobotomy Software  ,,,,,,,
30928,Duke Nukem 3D,GEN,1998,Shooter,Tec Toy  ,3D Realms  ,,,,,,,
30929,Duke Nukem 3D,XBL,2008,Shooter,3D Realms  ,3D Realms  ,,,,,,,
30930,Duke Nukem 3D: 20th Anniversary World Tour,PC,2016,Shooter,Gearbox Software  ,Gearbox Software  ,,,,,,,
30931,Duke Nukem 3D: Atomic Edition,PC,1996,Shooter,GT Interactive  ,3D Realms  ,,,,,,,
30932,Duke Nukem 3D: Kill-A-Ton Collection,PC,1997,Shooter,GT Interactive  ,3D Realms  ,,,,,,,
30933,Duke Nukem 3D: Plutonium Pak,PC,1996,Shooter,3D Realms  ,3D Realms  ,,,,,,,
30934,Duke Nukem Forever,MS,N/A,Action,Unknown  ,3D Realms Entertainment  ,,,,,,,
30935,Duke Nukem II,PC,1993,Shooter,Apogee  ,3D Realms  ,,,,,,,
30936,Duke Nukem Trilogy: Chain Reaction,PSP,N/A,Shooter,Unknown  ,FrontLine Studios  ,,,,,,,
30937,Duke Nukem Trilogy: Chain Reaction,DS,N/A,Shooter,Unknown  ,FrontLine Studios  ,,,,,,,
30938,Duke Nukem Trilogy: Proving Ground,PSP,N/A,Shooter,Unknown  ,FrontLine Studios  ,,,,,,,
30939,Duke Nukem Trilogy: Proving Ground,DS,N/A,Shooter,Unknown  ,FrontLine Studios  ,,,,,,,
30940,Duke Nukem: Manhattan Project,PC,2002,Shooter,ARUSH Entertainment  ,Sunstorm Interactive  ,,,,,,,
30941,Duke Nukem: Manhattan Project,XBL,2010,Shooter,Microsoft  ,3D Realms  ,,,,,,,
30942,Duke Saraie no Kenkou Walking Navi,DS,2007,Misc,Dorart  ,Dorart  ,,,,,,,
30943,Duludubi Star,PC,N/A,Platform,Unknown  ,N/A  ,,,,,,,
30944,Dumb Ways to Die,And,2013,Misc,Metro Trains Melbourne  ,Unknown  ,,,,,,,
30945,Dune,SCD,1993,Strategy,Virgin Interactive  ,Cryo Interactive  ,,,,,,,
30946,Dune,PC,1992,Strategy,Virgin Interactive  ,Cryo Interactive  ,,,,,,,
30947,Dune 2000,PC,1998,Strategy,Westwood Studios  ,Westwood Studios  ,,,,,,,
30948,Dune II: Battle for Arrakis,PC,1993,Strategy,Virgin Interactive  ,Westwood Studios  ,,,,,,,
30949,Dune: The Battle for Arrakis,GEN,1993,Strategy,Virgin Interactive  ,Westwood Studios  ,,,,,,,
30950,Dunes of War,PC,2007,Simulation,DreamCatcher Interactive  ,ZootFly  ,,,,,,,
30951,Dungeon,PC,1987,Adventure,Unknown  ,Infocom  ,,,,,,,
30952,Dungeon Adventure,XBL,2010,Role-Playing,Microsoft  ,UberGeekGames  ,,,,,,,
30953,Dungeon Campaign,PC,N/A,Role-Playing,Unknown  ,"Synergistic Software, Inc.  ",,,,,,,
30954,Dungeon Creator,PS,1996,Strategy,Electronic Arts Victor  ,Electronic Arts  ,,,,,,,
30955,Dungeon Defenders,PSN,2011,Role-Playing,Unknown  ,Trendy Entertainment  ,8.3,,,,,,
30956,Dungeon Defenders,XBL,2011,Role-Playing,D3 Publisher  ,Trendy Entertainment  ,7.3,,,,,,
30957,Dungeon Defenders,PSV,N/A,Role-Playing,Unknown  ,Trendy Entertainment  ,,,,,,,
30958,Dungeon Defenders II,OSX,2014,Action,Trendy Entertainment  ,Trendy Entertainment  ,,,,,,,
30959,Dungeon Defenders II,PC,2014,Action,Trendy Entertainment  ,Trendy Entertainment  ,,,,,,,
30960,Dungeon Defenders II,Linux,2014,Action,Trendy Entertainment  ,Trendy Entertainment  ,,,,,,,
30961,Dungeon Defenders II,PS4,2017,Action,Trendy Entertainment  ,Trendy Entertainment  ,,,,,,,
30962,Dungeon Explorer,PCE,1989,Role-Playing,NEC  ,Atlus Co.  ,,,,,,,
30963,Dungeon Explorer,VC,2007,Role-Playing,Hudson Soft  ,Atlus Co.  ,6.0,,,,,,
30964,Dungeon Explorer,SCD,1994,Role-Playing,Sega  ,West One  ,,,,,,,
30965,Dungeon Explorer,PSN,2011,Role-Playing,Hudson Soft  ,Atlus Co.  ,,,,,,,
30966,Dungeon Explorer,PSP,2011,Role-Playing,Hudson Soft  ,West One  ,,,,,,,
30967,Dungeon Explorer II,PCE,1993,Role-Playing,Hudson Soft  ,Hudson Soft  ,,,,,,,
30968,Dungeon Explorer II,VC,2008,Role-Playing,Hudson Soft  ,Hudson Soft  ,,,,,,,
30969,Dungeon Explorer II,PSN,2010,Role-Playing,Hudson Soft  ,Hudson Soft  ,,,,,,,
30970,Dungeon Explorer: Warriors of Ancient Arts,PSN,2010,Role-Playing,Hudson Soft  ,Hudson Soft  ,6.1,,,,,,
30971,Dungeon Fighter Online,XBL,N/A,Fighting,Unknown  ,SoftMax  ,,,,,,,
30972,Dungeon Fighter Online,PC,2009,Fighting,Nexon America  ,NeoPle  ,,,,,,,
30973,Dungeon Highway,And,2014,Misc,Substantial Inc.  ,Unknown  ,,,,,,,
30974,Dungeon Hunter 4,And,2013,Misc,Gameloft  ,Unknown  ,,,,,,,
30975,Dungeon Hunter: Alliance,PSN,2011,Role-Playing,Gameloft  ,Gameloft  ,6.7,,,,,,
30976,Dungeon Hunter: Alliance,PSV,2012,Role-Playing,Ubisoft  ,Ubisoft  ,,,,,,,
30977,Dungeon Keeper / Dungeon Keeper 2,PC,N/A,Strategy,Unknown  ,Electronic Arts  ,,,,,,,
30978,Dungeon Keeper Gold,PC,1998,Strategy,Electronic Arts  ,Bullfrog Productions  ,,,,,,,
30979,Dungeon Keeper: The Deeper Dungeons,PC,1997,Strategy,Electronic Arts  ,Take-Two Interactive  ,5.9,,,,,,
30980,Dungeon KiD,NES,1990,Role-Playing,Quest  ,Quest Corporation  ,,,,,,,
30981,Dungeon Land,GB,1992,Misc,Enix  ,Random House  ,,,,,,,
30982,Dungeon Lords,PC,2005,Role-Playing,DreamCatcher Interactive  ,Heuristic Park  ,,,,,,,
30983,Dungeon Magic: Swords of the Elements,NES,1990,Role-Playing,Taito  ,Natsume  ,,,,,,,
30984,Dungeon Maker: Hunting Ground,PSN,2009,Role-Playing,Xseed Games  ,Global A  ,,,,,,,
30985,Dungeon Master,SNES,1993,Role-Playing,JVC  ,FTL Games  ,,,,,,,
30986,Dungeon Master,PC,1989,Role-Playing,Unknown  ,FTL Games  ,,,,,,,
30987,Dungeon Master II: The Legend of Skullkeep,SCD,1994,Role-Playing,JVC  ,Victor Interactive Software  ,,,,,,,
30988,Dungeon Master II: The Legend of Skullkeep,PC,1995,Role-Playing,Interplay  ,FTL Games  ,,,,,,,
30989,Dungeon of the Endless,PC,2013,Misc,OnLine Studio Productions LLC  ,Unknown  ,,,,,,,
30990,Dungeon of Windaria,DS,2008,Role-Playing,Compile Heart  ,Compile Heart  ,,,,,,,
30991,Dungeon Party,PC,2009,Role-Playing,Focus Home Interactive  ,Cyanide  ,,,,,,,
30992,Dungeon Runners,PC,2007,Role-Playing,NCSoft  ,NCsoft  ,,,,,,,
30993,Dungeon Savior,GB,2000,Role-Playing,J-Wing  ,J-Wing  ,,,,,,,
30994,Dungeon Siege II: Deluxe Edition,PC,2006,Role-Playing,2K Games  ,Gas Powered Games  ,,,,,,,
30995,Dungeon Siege III: Treasures of the Sun,PC,2011,Role-Playing,Square Enix  ,Obsidian Entertainment  ,,,,,,,
30996,Dungeon Siege III: Treasures of the Sun,PS3,2011,Role-Playing,Square Enix  ,Obsidian Entertainment  ,,,,,,,
30997,Dungeon Siege III: Treasures of the Sun,X360,2011,Role-Playing,Square Enix  ,Obsidian Entertainment  ,,,,,,,
30998,Dungeon Tales,XBL,2010,Role-Playing,Microsoft  ,laurent goethals  ,,,,,,,
30999,Dungeonland,PC,2013,Misc,Paradox Interactive   ,Unknown  ,,,,,,,
31000,Dungeonland,OSX,2013,Misc,Paradox Interactive   ,Unknown  ,,,,,,,
